2016-10-25 19:30:00;New York Knicks;88;Cleveland Cavaliers;117
2016-10-25 22:30:00;San Antonio Spurs;129;Golden State Warriors;100
2016-10-25 22:00:00;Utah Jazz;104;Portland Trail Blazers;113
2016-10-26 19:30:00;Brooklyn Nets;117;Boston Celtics;122
2016-10-26 19:00:00;Dallas Mavericks;121;Indiana Pacers;130
2016-10-26 22:30:00;Houston Rockets;114;Los Angeles Lakers;120
2016-10-26 20:00:00;Minnesota Timberwolves;98;Memphis Grizzlies;102
2016-10-26 20:00:00;Charlotte Hornets;107;Milwaukee Bucks;96
2016-10-26 20:00:00;Denver Nuggets;107;New Orleans Pelicans;102
2016-10-26 19:00:00;Miami Heat;108;Orlando Magic;96
2016-10-26 20:00:00;Oklahoma City Thunder;103;Philadelphia 76ers;97
2016-10-26 22:00:00;Sacramento Kings;113;Phoenix Suns;94
2016-10-26 19:30:00;Detroit Pistons;91;Toronto Raptors;109
2016-10-27 19:30:00;Washington Wizards;99;Atlanta Hawks;114
2016-10-27 20:00:00;Boston Celtics;99;Chicago Bulls;105
2016-10-27 22:30:00;Los Angeles Clippers;114;Portland Trail Blazers;106
2016-10-27 22:30:00;San Antonio Spurs;102;Sacramento Kings;94
2016-10-28 19:30:00;Indiana Pacers;94;Brooklyn Nets;103
2016-10-28 20:30:00;Houston Rockets;106;Dallas Mavericks;98
2016-10-28 19:30:00;Orlando Magic;82;Detroit Pistons;108
2016-10-28 20:00:00;Charlotte Hornets;97;Miami Heat;91
2016-10-28 21:30:00;Golden State Warriors;122;New Orleans Pelicans;114
2016-10-28 20:00:00;Phoenix Suns;110;Oklahoma City Thunder;113
2016-10-28 19:00:00;Cleveland Cavaliers;94;Toronto Raptors;91
2016-10-28 21:00:00;Los Angeles Lakers;89;Utah Jazz;96
2016-10-29 20:00:00;Indiana Pacers;101;Chicago Bulls;118
2016-10-29 19:00:00;Boston Celtics;104;Charlotte Hornets;98
2016-10-29 19:30:00;Orlando Magic;99;Cleveland Cavaliers;105
2016-10-29 21:00:00;Portland Trail Blazers;115;Denver Nuggets;113
2016-10-29 20:00:00;Brooklyn Nets;108;Milwaukee Bucks;110
2016-10-29 19:30:00;Memphis Grizzlies;104;New York Knicks;111
2016-10-29 12:30:00;Atlanta Hawks;104;Philadelphia 76ers;72
2016-10-29 22:30:00;Minnesota Timberwolves;103;Sacramento Kings;106
2016-10-29 20:00:00;New Orleans Pelicans;79;San Antonio Spurs;98
2016-10-30 18:00:00;Milwaukee Bucks;83;Detroit Pistons;98
2016-10-30 20:00:00;Dallas Mavericks;92;Houston Rockets;93
2016-10-30 16:30:00;Utah Jazz;75;Los Angeles Clippers;88
2016-10-30 20:00:00;Washington Wizards;103;Memphis Grizzlies;112
2016-10-30 18:00:00;San Antonio Spurs;106;Miami Heat;99
2016-10-30 19:00:00;Los Angeles Lakers;96;Oklahoma City Thunder;113
2016-10-30 18:00:00;Golden State Warriors;106;Phoenix Suns;100
2016-10-31 19:30:00;Sacramento Kings;95;Atlanta Hawks;106
2016-10-31 19:30:00;Chicago Bulls;118;Brooklyn Nets;88
2016-10-31 22:30:00;Phoenix Suns;98;Los Angeles Clippers;116
2016-10-31 19:30:00;Denver Nuggets;102;Toronto Raptors;105
2016-11-01 18:00:00;Houston Rockets;120;Cleveland Cavaliers;128
2016-11-01 19:30:00;New York Knicks;89;Detroit Pistons;102
2016-11-01 19:00:00;Los Angeles Lakers;108;Indiana Pacers;115
2016-11-01 19:30:00;Sacramento Kings;96;Miami Heat;108
2016-11-01 20:00:00;Memphis Grizzlies;80;Minnesota Timberwolves;116
2016-11-01 20:00:00;Milwaukee Bucks;117;New Orleans Pelicans;113
2016-11-01 19:00:00;Orlando Magic;103;Philadelphia 76ers;101
2016-11-01 22:00:00;Golden State Warriors;127;Portland Trail Blazers;104
2016-11-01 20:30:00;Utah Jazz;106;San Antonio Spurs;91
2016-11-02 19:30:00;Los Angeles Lakers;123;Atlanta Hawks;116
2016-11-02 20:00:00;Chicago Bulls;100;Boston Celtics;107
2016-11-02 19:30:00;Detroit Pistons;101;Brooklyn Nets;109
2016-11-02 19:00:00;Philadelphia 76ers;93;Charlotte Hornets;109
2016-11-02 22:30:00;Oklahoma City Thunder;85;Los Angeles Clippers;83
2016-11-02 20:00:00;New Orleans Pelicans;83;Memphis Grizzlies;89
2016-11-02 19:30:00;Houston Rockets;118;New York Knicks;99
2016-11-02 22:00:00;Portland Trail Blazers;115;Phoenix Suns;118
2016-11-02 21:00:00;Dallas Mavericks;81;Utah Jazz;97
2016-11-02 19:00:00;Toronto Raptors;113;Washington Wizards;103
2016-11-03 20:00:00;Boston Celtics;122;Cleveland Cavaliers;128
2016-11-03 22:30:00;Oklahoma City Thunder;96;Golden State Warriors;122
2016-11-03 20:00:00;Indiana Pacers;107;Milwaukee Bucks;125
2016-11-03 20:00:00;Denver Nuggets;102;Minnesota Timberwolves;99
2016-11-03 19:00:00;Sacramento Kings;94;Orlando Magic;102
2016-11-04 19:30:00;Charlotte Hornets;99;Brooklyn Nets;95
2016-11-04 20:00:00;New York Knicks;117;Chicago Bulls;104
2016-11-04 20:30:00;Portland Trail Blazers;105;Dallas Mavericks;95
2016-11-04 22:30:00;Golden State Warriors;97;Los Angeles Lakers;117
2016-11-04 20:00:00;Los Angeles Clippers;99;Memphis Grizzlies;88
2016-11-04 20:00:00;Phoenix Suns;112;New Orleans Pelicans;111
2016-11-04 19:30:00;Miami Heat;87;Toronto Raptors;96
2016-11-04 21:00:00;San Antonio Spurs;100;Utah Jazz;86
2016-11-04 19:00:00;Atlanta Hawks;92;Washington Wizards;95
2016-11-05 19:30:00;Houston Rockets;97;Atlanta Hawks;112
2016-11-05 19:00:00;Denver Nuggets;86;Detroit Pistons;103
2016-11-05 19:00:00;Chicago Bulls;94;Indiana Pacers;111
2016-11-05 20:00:00;Sacramento Kings;91;Milwaukee Bucks;117
2016-11-05 18:00:00;Minnesota Timberwolves;92;Oklahoma City Thunder;112
2016-11-05 19:00:00;Washington Wizards;86;Orlando Magic;88
2016-11-05 19:00:00;Cleveland Cavaliers;102;Philadelphia 76ers;101
2016-11-05 20:30:00;Los Angeles Clippers;116;San Antonio Spurs;92
2016-11-06 19:30:00;Denver Nuggets;123;Boston Celtics;107
2016-11-06 19:00:00;Milwaukee Bucks;75;Dallas Mavericks;86
2016-11-06 21:30:00;Phoenix Suns;108;Los Angeles Lakers;119
2016-11-06 15:30:00;Portland Trail Blazers;100;Memphis Grizzlies;94
2016-11-06 12:00:00;Utah Jazz;114;New York Knicks;109
2016-11-06 18:00:00;Sacramento Kings;96;Toronto Raptors;91
2016-11-07 20:00:00;Orlando Magic;80;Chicago Bulls;112
2016-11-07 19:00:00;Indiana Pacers;100;Charlotte Hornets;122
2016-11-07 22:30:00;New Orleans Pelicans;106;Golden State Warriors;116
2016-11-07 22:30:00;Detroit Pistons;82;Los Angeles Clippers;114
2016-11-07 20:00:00;Miami Heat;85;Oklahoma City Thunder;97
2016-11-07 19:00:00;Utah Jazz;109;Philadelphia 76ers;84
2016-11-07 19:00:00;Houston Rockets;114;Washington Wizards;106
2016-11-08 19:30:00;Minnesota Timberwolves;110;Brooklyn Nets;119
2016-11-08 19:00:00;Atlanta Hawks;110;Cleveland Cavaliers;106
2016-11-08 22:30:00;Dallas Mavericks;109;Los Angeles Lakers;97
2016-11-08 20:00:00;Denver Nuggets;107;Memphis Grizzlies;108
2016-11-08 22:00:00;Phoenix Suns;121;Portland Trail Blazers;124
2016-11-08 22:30:00;New Orleans Pelicans;94;Sacramento Kings;102
2016-11-09 19:30:00;Chicago Bulls;107;Atlanta Hawks;115
2016-11-09 19:00:00;Utah Jazz;98;Charlotte Hornets;104
2016-11-09 22:30:00;Dallas Mavericks;95;Golden State Warriors;116
2016-11-09 19:00:00;Philadelphia 76ers;115;Indiana Pacers;122
2016-11-09 22:30:00;Portland Trail Blazers;80;Los Angeles Clippers;111
2016-11-09 19:00:00;Brooklyn Nets;96;New York Knicks;110
2016-11-09 20:00:00;Toronto Raptors;112;Oklahoma City Thunder;102
2016-11-09 19:00:00;Minnesota Timberwolves;123;Orlando Magic;107
2016-11-09 21:00:00;Detroit Pistons;100;Phoenix Suns;107
2016-11-09 21:30:00;Houston Rockets;101;San Antonio Spurs;99
2016-11-09 19:00:00;Boston Celtics;93;Washington Wizards;118
2016-11-10 21:00:00;Golden State Warriors;125;Denver Nuggets;101
2016-11-10 20:00:00;Chicago Bulls;98;Miami Heat;95
2016-11-10 20:00:00;New Orleans Pelicans;112;Milwaukee Bucks;106
2016-11-10 22:30:00;Los Angeles Lakers;101;Sacramento Kings;91
2016-11-11 19:30:00;New York Knicks;87;Boston Celtics;115
2016-11-11 19:00:00;Toronto Raptors;113;Charlotte Hornets;111
2016-11-11 20:00:00;Los Angeles Clippers;110;Oklahoma City Thunder;108
2016-11-11 19:00:00;Utah Jazz;87;Orlando Magic;74
2016-11-11 19:00:00;Indiana Pacers;105;Philadelphia 76ers;109
2016-11-11 22:00:00;Sacramento Kings;120;Portland Trail Blazers;122
2016-11-11 20:30:00;Detroit Pistons;86;San Antonio Spurs;96
2016-11-11 19:00:00;Cleveland Cavaliers;105;Washington Wizards;94
2016-11-12 19:30:00;Philadelphia 76ers;96;Atlanta Hawks;117
2016-11-12 20:00:00;Washington Wizards;95;Chicago Bulls;106
2016-11-12 21:00:00;Detroit Pistons;106;Denver Nuggets;95
2016-11-12 20:00:00;San Antonio Spurs;106;Houston Rockets;100
2016-11-12 19:00:00;Boston Celtics;105;Indiana Pacers;99
2016-11-12 20:00:00;Utah Jazz;102;Miami Heat;91
2016-11-12 20:30:00;Memphis Grizzlies;96;Milwaukee Bucks;106
2016-11-12 20:00:00;Los Angeles Clippers;119;Minnesota Timberwolves;105
2016-11-12 19:00:00;Los Angeles Lakers;126;New Orleans Pelicans;99
2016-11-12 21:00:00;Brooklyn Nets;122;Phoenix Suns;104
2016-11-12 19:30:00;New York Knicks;107;Toronto Raptors;118
2016-11-13 15:30:00;Charlotte Hornets;93;Cleveland Cavaliers;100
2016-11-13 20:00:00;Phoenix Suns;120;Golden State Warriors;133
2016-11-13 19:00:00;Los Angeles Lakers;99;Minnesota Timberwolves;125
2016-11-13 19:00:00;Orlando Magic;119;Oklahoma City Thunder;117
2016-11-13 21:00:00;Denver Nuggets;105;Portland Trail Blazers;112
2016-11-14 19:30:00;Oklahoma City Thunder;88;Detroit Pistons;104
2016-11-14 20:00:00;Philadelphia 76ers;88;Houston Rockets;115
2016-11-14 19:00:00;Orlando Magic;69;Indiana Pacers;88
2016-11-14 22:30:00;Brooklyn Nets;95;Los Angeles Clippers;127
2016-11-14 20:00:00;Boston Celtics;105;New Orleans Pelicans;106
2016-11-14 19:30:00;Dallas Mavericks;77;New York Knicks;93
2016-11-14 20:30:00;Miami Heat;90;San Antonio Spurs;94
2016-11-14 21:00:00;Memphis Grizzlies;102;Utah Jazz;96
2016-11-15 19:00:00;Toronto Raptors;117;Cleveland Cavaliers;121
2016-11-15 22:30:00;Brooklyn Nets;118;Los Angeles Lakers;125
2016-11-15 19:30:00;Atlanta Hawks;93;Miami Heat;90
2016-11-15 20:00:00;Charlotte Hornets;115;Minnesota Timberwolves;108
2016-11-15 22:00:00;Chicago Bulls;113;Portland Trail Blazers;88
2016-11-16 19:30:00;Milwaukee Bucks;100;Atlanta Hawks;107
2016-11-16 19:30:00;Dallas Mavericks;83;Boston Celtics;90
2016-11-16 21:00:00;Phoenix Suns;104;Denver Nuggets;120
2016-11-16 19:00:00;Cleveland Cavaliers;93;Indiana Pacers;103
2016-11-16 22:30:00;Memphis Grizzlies;111;Los Angeles Clippers;107
2016-11-16 19:30:00;Detroit Pistons;102;New York Knicks;105
2016-11-16 20:00:00;Houston Rockets;103;Oklahoma City Thunder;105
2016-11-16 19:00:00;New Orleans Pelicans;82;Orlando Magic;89
2016-11-16 19:00:00;Washington Wizards;102;Philadelphia 76ers;109
2016-11-16 22:30:00;San Antonio Spurs;110;Sacramento Kings;105
2016-11-16 20:00:00;Golden State Warriors;127;Toronto Raptors;121
2016-11-17 20:00:00;Portland Trail Blazers;109;Houston Rockets;126
2016-11-17 19:30:00;Milwaukee Bucks;73;Miami Heat;96
2016-11-17 20:00:00;Philadelphia 76ers;86;Minnesota Timberwolves;110
2016-11-17 22:30:00;Chicago Bulls;85;Utah Jazz;77
2016-11-17 19:00:00;New York Knicks;112;Washington Wizards;119
2016-11-18 20:00:00;Golden State Warriors;104;Boston Celtics;88
2016-11-18 19:00:00;Atlanta Hawks;96;Charlotte Hornets;100
2016-11-18 19:30:00;Detroit Pistons;81;Cleveland Cavaliers;104
2016-11-18 20:30:00;Memphis Grizzlies;80;Dallas Mavericks;64
2016-11-18 21:00:00;Toronto Raptors;113;Denver Nuggets;111
2016-11-18 19:00:00;Phoenix Suns;116;Indiana Pacers;96
2016-11-18 22:30:00;San Antonio Spurs;116;Los Angeles Lakers;107
2016-11-18 20:00:00;Portland Trail Blazers;101;New Orleans Pelicans;113
2016-11-18 20:00:00;Brooklyn Nets;105;Oklahoma City Thunder;124
2016-11-18 22:30:00;Los Angeles Clippers;121;Sacramento Kings;115
2016-11-19 19:00:00;Boston Celtics;94;Detroit Pistons;92
2016-11-19 17:00:00;Utah Jazz;102;Houston Rockets;111
2016-11-19 22:30:00;Chicago Bulls;95;Los Angeles Clippers;102
2016-11-19 20:00:00;Minnesota Timberwolves;71;Memphis Grizzlies;93
2016-11-19 20:30:00;Golden State Warriors;124;Milwaukee Bucks;121
2016-11-19 19:00:00;Charlotte Hornets;116;New Orleans Pelicans;121
2016-11-19 19:00:00;Dallas Mavericks;87;Orlando Magic;95
2016-11-19 19:30:00;Phoenix Suns;105;Philadelphia 76ers;120
2016-11-19 19:00:00;Miami Heat;114;Washington Wizards;111
2016-11-20 15:30:00;Portland Trail Blazers;129;Brooklyn Nets;109
2016-11-20 21:00:00;Utah Jazz;91;Denver Nuggets;105
2016-11-20 21:30:00;Chicago Bulls;118;Los Angeles Lakers;110
2016-11-20 12:00:00;Atlanta Hawks;94;New York Knicks;104
2016-11-20 19:00:00;Indiana Pacers;115;Oklahoma City Thunder;111
2016-11-20 21:00:00;Toronto Raptors;99;Sacramento Kings;102
2016-11-21 19:00:00;Memphis Grizzlies;105;Charlotte Hornets;90
2016-11-21 19:30:00;Houston Rockets;99;Detroit Pistons;96
2016-11-21 19:00:00;Golden State Warriors;120;Indiana Pacers;83
2016-11-21 22:30:00;Toronto Raptors;115;Los Angeles Clippers;123
2016-11-21 20:00:00;Orlando Magic;89;Milwaukee Bucks;93
2016-11-21 20:00:00;Boston Celtics;99;Minnesota Timberwolves;93
2016-11-21 19:00:00;Miami Heat;94;Philadelphia 76ers;101
2016-11-21 20:30:00;Dallas Mavericks;91;San Antonio Spurs;96
2016-11-21 19:00:00;Phoenix Suns;101;Washington Wizards;106
2016-11-22 19:30:00;New Orleans Pelicans;112;Atlanta Hawks;94
2016-11-22 21:00:00;Chicago Bulls;107;Denver Nuggets;110
2016-11-22 22:30:00;Oklahoma City Thunder;109;Los Angeles Lakers;111
2016-11-22 19:30:00;Portland Trail Blazers;103;New York Knicks;107
2016-11-23 19:30:00;Boston Celtics;111;Brooklyn Nets;92
2016-11-23 19:00:00;San Antonio Spurs;119;Charlotte Hornets;114
2016-11-23 19:00:00;Portland Trail Blazers;125;Cleveland Cavaliers;137
2016-11-23 20:30:00;Los Angeles Clippers;124;Dallas Mavericks;104
2016-11-23 19:30:00;Miami Heat;84;Detroit Pistons;107
2016-11-23 22:30:00;Los Angeles Lakers;106;Golden State Warriors;149
2016-11-23 20:00:00;Toronto Raptors;115;Houston Rockets;102
2016-11-23 19:00:00;Atlanta Hawks;96;Indiana Pacers;85
2016-11-23 21:30:00;Minnesota Timberwolves;96;New Orleans Pelicans;117
2016-11-23 19:00:00;Phoenix Suns;92;Orlando Magic;87
2016-11-23 19:00:00;Memphis Grizzlies;104;Philadelphia 76ers;99
2016-11-23 22:30:00;Oklahoma City Thunder;101;Sacramento Kings;116
2016-11-23 21:00:00;Denver Nuggets;83;Utah Jazz;108
2016-11-25 13:00:00;San Antonio Spurs;109;Boston Celtics;103
2016-11-25 19:30:00;Dallas Mavericks;90;Cleveland Cavaliers;128
2016-11-25 21:00:00;Oklahoma City Thunder;132;Denver Nuggets;129
2016-11-25 19:30:00;Los Angeles Clippers;97;Detroit Pistons;108
2016-11-25 20:00:00;Brooklyn Nets;97;Indiana Pacers;118
2016-11-25 22:30:00;Golden State Warriors;109;Los Angeles Lakers;85
2016-11-25 20:00:00;Miami Heat;90;Memphis Grizzlies;81
2016-11-25 20:00:00;Toronto Raptors;105;Milwaukee Bucks;99
2016-11-25 19:30:00;Charlotte Hornets;111;New York Knicks;113
2016-11-25 19:00:00;Washington Wizards;94;Orlando Magic;91
2016-11-25 19:30:00;Chicago Bulls;105;Philadelphia 76ers;89
2016-11-25 21:00:00;Minnesota Timberwolves;98;Phoenix Suns;85
2016-11-25 22:00:00;New Orleans Pelicans;104;Portland Trail Blazers;119
2016-11-25 22:30:00;Houston Rockets;117;Sacramento Kings;104
2016-11-25 20:00:00;Atlanta Hawks;68;Utah Jazz;95
2016-11-26 19:00:00;New York Knicks;102;Charlotte Hornets;107
2016-11-26 22:30:00;Minnesota Timberwolves;102;Golden State Warriors;115
2016-11-26 20:00:00;Memphis Grizzlies;110;Miami Heat;107
2016-11-26 20:00:00;Detroit Pistons;88;Oklahoma City Thunder;106
2016-11-26 19:00:00;San Antonio Spurs;112;Washington Wizards;100
2016-11-27 18:00:00;Sacramento Kings;122;Brooklyn Nets;105
2016-11-27 19:00:00;New Orleans Pelicans;81;Dallas Mavericks;91
2016-11-27 18:00:00;Los Angeles Clippers;70;Indiana Pacers;91
2016-11-27 21:30:00;Atlanta Hawks;94;Los Angeles Lakers;109
2016-11-27 18:00:00;Milwaukee Bucks;104;Orlando Magic;96
2016-11-27 13:00:00;Cleveland Cavaliers;112;Philadelphia 76ers;108
2016-11-27 15:30:00;Denver Nuggets;120;Phoenix Suns;114
2016-11-27 21:00:00;Houston Rockets;130;Portland Trail Blazers;114
2016-11-28 22:30:00;Atlanta Hawks;100;Golden State Warriors;105
2016-11-28 20:00:00;Charlotte Hornets;104;Memphis Grizzlies;85
2016-11-28 19:30:00;Boston Celtics;112;Miami Heat;104
2016-11-28 20:00:00;Utah Jazz;112;Minnesota Timberwolves;103
2016-11-28 19:30:00;Oklahoma City Thunder;112;New York Knicks;103
2016-11-28 19:30:00;Philadelphia 76ers;95;Toronto Raptors;122
2016-11-28 19:00:00;Sacramento Kings;95;Washington Wizards;101
2016-11-29 19:30:00;Los Angeles Clippers;122;Brooklyn Nets;127
2016-11-29 19:00:00;Detroit Pistons;112;Charlotte Hornets;89
2016-11-29 20:00:00;Cleveland Cavaliers;101;Milwaukee Bucks;118
2016-11-29 20:00:00;Los Angeles Lakers;88;New Orleans Pelicans;105
2016-11-29 20:30:00;Orlando Magic;95;San Antonio Spurs;83
2016-11-29 21:00:00;Houston Rockets;101;Utah Jazz;120
2016-11-30 19:30:00;Detroit Pistons;121;Boston Celtics;114
2016-11-30 20:00:00;Los Angeles Lakers;96;Chicago Bulls;90
2016-11-30 20:30:00;San Antonio Spurs;94;Dallas Mavericks;87
2016-11-30 21:00:00;Miami Heat;106;Denver Nuggets;98
2016-11-30 20:00:00;New York Knicks;106;Minnesota Timberwolves;104
2016-11-30 20:00:00;Washington Wizards;115;Oklahoma City Thunder;126
2016-11-30 21:00:00;Atlanta Hawks;107;Phoenix Suns;109
2016-11-30 22:00:00;Indiana Pacers;109;Portland Trail Blazers;131
2016-11-30 19:30:00;Memphis Grizzlies;105;Toronto Raptors;120
2016-12-01 19:30:00;Milwaukee Bucks;111;Brooklyn Nets;93
2016-12-01 19:00:00;Dallas Mavericks;87;Charlotte Hornets;97
2016-12-01 20:00:00;Los Angeles Clippers;113;Cleveland Cavaliers;94
2016-12-01 22:30:00;Houston Rockets;132;Golden State Warriors;127
2016-12-01 20:00:00;Orlando Magic;94;Memphis Grizzlies;95
2016-12-01 21:00:00;Miami Heat;111;Utah Jazz;110
2016-12-02 20:00:00;Detroit Pistons;121;Atlanta Hawks;85
2016-12-02 19:30:00;Sacramento Kings;92;Boston Celtics;97
2016-12-02 20:00:00;Cleveland Cavaliers;105;Chicago Bulls;111
2016-12-02 22:30:00;Houston Rockets;128;Denver Nuggets;110
2016-12-02 20:00:00;Los Angeles Clippers;114;New Orleans Pelicans;96
2016-12-02 19:30:00;Minnesota Timberwolves;114;New York Knicks;118
2016-12-02 19:00:00;Orlando Magic;105;Philadelphia 76ers;88
2016-12-02 20:30:00;Washington Wizards;105;San Antonio Spurs;107
2016-12-02 19:30:00;Los Angeles Lakers;80;Toronto Raptors;113
2016-12-03 19:00:00;Minnesota Timberwolves;125;Charlotte Hornets;120
2016-12-03 20:30:00;Chicago Bulls;82;Dallas Mavericks;107
2016-12-03 22:30:00;Phoenix Suns;109;Golden State Warriors;138
2016-12-03 20:00:00;Los Angeles Lakers;100;Memphis Grizzlies;103
2016-12-03 17:00:00;Brooklyn Nets;103;Milwaukee Bucks;112
2016-12-03 19:30:00;Boston Celtics;107;Philadelphia 76ers;106
2016-12-03 22:00:00;Miami Heat;92;Portland Trail Blazers;99
2016-12-03 19:30:00;Atlanta Hawks;84;Toronto Raptors;128
2016-12-03 21:00:00;Denver Nuggets;98;Utah Jazz;105
2016-12-04 18:00:00;Orlando Magic;98;Detroit Pistons;92
2016-12-04 21:30:00;Indiana Pacers;111;Los Angeles Clippers;102
2016-12-04 19:30:00;Sacramento Kings;98;New York Knicks;106
2016-12-04 19:00:00;New Orleans Pelicans;92;Oklahoma City Thunder;101
2016-12-05 19:30:00;Oklahoma City Thunder;102;Atlanta Hawks;99
2016-12-05 19:30:00;Washington Wizards;118;Brooklyn Nets;113
2016-12-05 20:00:00;Portland Trail Blazers;112;Chicago Bulls;110
2016-12-05 20:30:00;Charlotte Hornets;109;Dallas Mavericks;101
2016-12-05 22:30:00;Indiana Pacers;106;Golden State Warriors;142
2016-12-05 20:00:00;Boston Celtics;106;Houston Rockets;107
2016-12-05 22:30:00;Utah Jazz;107;Los Angeles Lakers;101
2016-12-05 20:00:00;San Antonio Spurs;97;Milwaukee Bucks;96
2016-12-05 20:00:00;Memphis Grizzlies;110;New Orleans Pelicans;108
2016-12-05 19:00:00;Denver Nuggets;106;Philadelphia 76ers;98
2016-12-05 19:30:00;Cleveland Cavaliers;116;Toronto Raptors;112
2016-12-06 19:30:00;Chicago Bulls;91;Detroit Pistons;102
2016-12-06 20:00:00;Philadelphia 76ers;91;Memphis Grizzlies;96
2016-12-06 19:30:00;New York Knicks;114;Miami Heat;103
2016-12-06 20:00:00;San Antonio Spurs;105;Minnesota Timberwolves;91
2016-12-06 21:00:00;Phoenix Suns;105;Utah Jazz;112
2016-12-06 19:00:00;Orlando Magic;124;Washington Wizards;116
2016-12-07 19:30:00;Miami Heat;95;Atlanta Hawks;103
2016-12-07 19:30:00;Denver Nuggets;111;Brooklyn Nets;116
2016-12-07 19:00:00;Detroit Pistons;77;Charlotte Hornets;87
2016-12-07 20:30:00;Sacramento Kings;120;Dallas Mavericks;89
2016-12-07 20:00:00;Los Angeles Lakers;95;Houston Rockets;134
2016-12-07 22:30:00;Golden State Warriors;115;Los Angeles Clippers;98
2016-12-07 20:00:00;Portland Trail Blazers;107;Milwaukee Bucks;115
2016-12-07 20:00:00;Cleveland Cavaliers;126;New York Knicks;94
2016-12-07 19:00:00;Boston Celtics;117;Orlando Magic;87
2016-12-07 21:00:00;Indiana Pacers;109;Phoenix Suns;94
2016-12-08 21:30:00;San Antonio Spurs;91;Chicago Bulls;95
2016-12-08 20:00:00;Portland Trail Blazers;86;Memphis Grizzlies;88
2016-12-08 20:00:00;Philadelphia 76ers;99;New Orleans Pelicans;88
2016-12-08 19:00:00;Minnesota Timberwolves;110;Toronto Raptors;124
2016-12-08 21:00:00;Golden State Warriors;106;Utah Jazz;99
2016-12-08 19:00:00;Denver Nuggets;85;Washington Wizards;92
2016-12-09 19:30:00;Toronto Raptors;101;Boston Celtics;94
2016-12-09 19:00:00;Orlando Magic;88;Charlotte Hornets;109
2016-12-09 19:30:00;Miami Heat;84;Cleveland Cavaliers;114
2016-12-09 20:30:00;Indiana Pacers;103;Dallas Mavericks;111
2016-12-09 22:30:00;Phoenix Suns;119;Los Angeles Lakers;115
2016-12-09 20:00:00;Atlanta Hawks;114;Milwaukee Bucks;110
2016-12-09 20:00:00;Detroit Pistons;117;Minnesota Timberwolves;90
2016-12-09 20:00:00;Houston Rockets;102;Oklahoma City Thunder;99
2016-12-09 22:30:00;New York Knicks;103;Sacramento Kings;100
2016-12-10 20:00:00;Miami Heat;100;Chicago Bulls;105
2016-12-10 19:30:00;Charlotte Hornets;105;Cleveland Cavaliers;116
2016-12-10 20:00:00;Dallas Mavericks;87;Houston Rockets;109
2016-12-10 19:00:00;Portland Trail Blazers;111;Indiana Pacers;118
2016-12-10 22:30:00;New Orleans Pelicans;105;Los Angeles Clippers;133
2016-12-10 20:00:00;Golden State Warriors;89;Memphis Grizzlies;110
2016-12-10 19:00:00;Denver Nuggets;121;Orlando Magic;113
2016-12-10 20:30:00;Brooklyn Nets;101;San Antonio Spurs;130
2016-12-10 21:00:00;Sacramento Kings;84;Utah Jazz;104
2016-12-10 19:00:00;Milwaukee Bucks;105;Washington Wizards;110
2016-12-11 18:00:00;Philadelphia 76ers;97;Detroit Pistons;79
2016-12-11 21:30:00;New York Knicks;118;Los Angeles Lakers;112
2016-12-11 19:00:00;Golden State Warriors;116;Minnesota Timberwolves;108
2016-12-11 19:00:00;Boston Celtics;96;Oklahoma City Thunder;99
2016-12-11 20:30:00;New Orleans Pelicans;120;Phoenix Suns;119
2016-12-12 20:30:00;Denver Nuggets;92;Dallas Mavericks;112
2016-12-12 20:00:00;Brooklyn Nets;118;Houston Rockets;122
2016-12-12 19:00:00;Charlotte Hornets;94;Indiana Pacers;110
2016-12-12 22:30:00;Portland Trail Blazers;120;Los Angeles Clippers;121
2016-12-12 19:30:00;Washington Wizards;101;Miami Heat;112
2016-12-12 22:30:00;Los Angeles Lakers;92;Sacramento Kings;116
2016-12-12 19:30:00;Milwaukee Bucks;100;Toronto Raptors;122
2016-12-13 19:30:00;Orlando Magic;131;Atlanta Hawks;120
2016-12-13 20:00:00;Minnesota Timberwolves;99;Chicago Bulls;94
2016-12-13 19:00:00;Memphis Grizzlies;86;Cleveland Cavaliers;103
2016-12-13 20:00:00;Golden State Warriors;113;New Orleans Pelicans;109
2016-12-13 21:00:00;New York Knicks;111;Phoenix Suns;113
2016-12-13 22:30:00;Oklahoma City Thunder;95;Portland Trail Blazers;114
2016-12-14 19:30:00;Los Angeles Lakers;97;Brooklyn Nets;107
2016-12-14 20:30:00;Detroit Pistons;95;Dallas Mavericks;85
2016-12-14 20:00:00;Sacramento Kings;98;Houston Rockets;132
2016-12-14 20:00:00;Cleveland Cavaliers;85;Memphis Grizzlies;93
2016-12-14 19:00:00;Indiana Pacers;89;Miami Heat;95
2016-12-14 19:00:00;Los Angeles Clippers;113;Orlando Magic;108
2016-12-14 19:00:00;Toronto Raptors;123;Philadelphia 76ers;114
2016-12-14 21:30:00;Boston Celtics;101;San Antonio Spurs;108
2016-12-14 21:00:00;Oklahoma City Thunder;89;Utah Jazz;109
2016-12-14 19:00:00;Charlotte Hornets;106;Washington Wizards;109
2016-12-15 21:00:00;Portland Trail Blazers;120;Denver Nuggets;132
2016-12-15 22:30:00;New York Knicks;90;Golden State Warriors;103
2016-12-15 20:00:00;Chicago Bulls;97;Milwaukee Bucks;108
2016-12-15 20:00:00;Indiana Pacers;95;New Orleans Pelicans;102
2016-12-15 21:00:00;San Antonio Spurs;107;Phoenix Suns;92
2016-12-16 19:30:00;Charlotte Hornets;88;Boston Celtics;96
2016-12-16 20:00:00;Milwaukee Bucks;95;Chicago Bulls;69
2016-12-16 20:00:00;New Orleans Pelicans;100;Houston Rockets;122
2016-12-16 20:00:00;Sacramento Kings;96;Memphis Grizzlies;92
2016-12-16 20:00:00;Los Angeles Clippers;102;Miami Heat;98
2016-12-16 19:00:00;Brooklyn Nets;111;Orlando Magic;118
2016-12-16 20:00:00;Los Angeles Lakers;100;Philadelphia 76ers;89
2016-12-16 19:30:00;Atlanta Hawks;125;Toronto Raptors;121
2016-12-16 22:30:00;Dallas Mavericks;100;Utah Jazz;103
2016-12-16 19:00:00;Detroit Pistons;108;Washington Wizards;122
2016-12-17 19:30:00;Charlotte Hornets;107;Atlanta Hawks;99
2016-12-17 19:30:00;Los Angeles Lakers;108;Cleveland Cavaliers;119
2016-12-17 21:00:00;New York Knicks;114;Denver Nuggets;127
2016-12-17 19:00:00;Indiana Pacers;105;Detroit Pistons;90
2016-12-17 22:30:00;Portland Trail Blazers;90;Golden State Warriors;135
2016-12-17 20:00:00;Houston Rockets;111;Minnesota Timberwolves;109
2016-12-17 17:00:00;Phoenix Suns;101;Oklahoma City Thunder;114
2016-12-18 16:00:00;Sacramento Kings;79;Dallas Mavericks;99
2016-12-18 18:00:00;Utah Jazz;82;Memphis Grizzlies;73
2016-12-18 18:00:00;Boston Celtics;105;Miami Heat;95
2016-12-18 18:00:00;Toronto Raptors;109;Orlando Magic;79
2016-12-18 18:00:00;Brooklyn Nets;107;Philadelphia 76ers;108
2016-12-18 19:00:00;New Orleans Pelicans;100;San Antonio Spurs;113
2016-12-18 15:30:00;Los Angeles Clippers;110;Washington Wizards;117
2016-12-19 20:00:00;Detroit Pistons;82;Chicago Bulls;113
2016-12-19 21:00:00;Dallas Mavericks;107;Denver Nuggets;117
2016-12-19 19:00:00;Washington Wizards;105;Indiana Pacers;107
2016-12-19 20:00:00;Phoenix Suns;108;Minnesota Timberwolves;115
2016-12-19 20:00:00;Atlanta Hawks;110;Oklahoma City Thunder;108
2016-12-20 19:00:00;Los Angeles Lakers;113;Charlotte Hornets;117
2016-12-20 22:30:00;Utah Jazz;74;Golden State Warriors;104
2016-12-20 20:00:00;San Antonio Spurs;102;Houston Rockets;100
2016-12-20 22:30:00;Denver Nuggets;102;Los Angeles Clippers;119
2016-12-20 20:00:00;Boston Celtics;112;Memphis Grizzlies;109
2016-12-20 19:30:00;Orlando Magic;136;Miami Heat;130
2016-12-20 20:00:00;Cleveland Cavaliers;114;Milwaukee Bucks;108
2016-12-20 19:30:00;Indiana Pacers;111;New York Knicks;118
2016-12-20 19:00:00;New Orleans Pelicans;108;Philadelphia 76ers;93
2016-12-20 22:30:00;Portland Trail Blazers;121;Sacramento Kings;126
2016-12-20 19:30:00;Brooklyn Nets;104;Toronto Raptors;116
2016-12-21 19:30:00;Minnesota Timberwolves;92;Atlanta Hawks;84
2016-12-21 20:00:00;Washington Wizards;107;Chicago Bulls;97
2016-12-21 19:00:00;Milwaukee Bucks;102;Cleveland Cavaliers;113
2016-12-21 19:30:00;Memphis Grizzlies;98;Detroit Pistons;86
2016-12-21 20:00:00;Oklahoma City Thunder;121;New Orleans Pelicans;110
2016-12-21 21:00:00;Houston Rockets;125;Phoenix Suns;111
2016-12-21 22:00:00;Dallas Mavericks;96;Portland Trail Blazers;95
2016-12-21 21:00:00;Sacramento Kings;94;Utah Jazz;93
2016-12-22 19:30:00;Golden State Warriors;117;Brooklyn Nets;101
2016-12-22 19:00:00;Boston Celtics;109;Indiana Pacers;102
2016-12-22 22:30:00;San Antonio Spurs;101;Los Angeles Clippers;106
2016-12-22 20:00:00;Los Angeles Lakers;107;Miami Heat;115
2016-12-22 19:30:00;Orlando Magic;95;New York Knicks;106
2016-12-23 19:30:00;Oklahoma City Thunder;117;Boston Celtics;112
2016-12-23 19:00:00;Chicago Bulls;91;Charlotte Hornets;103
2016-12-23 19:30:00;Brooklyn Nets;99;Cleveland Cavaliers;119
2016-12-23 21:00:00;Atlanta Hawks;109;Denver Nuggets;108
2016-12-23 19:30:00;Golden State Warriors;119;Detroit Pistons;113
2016-12-23 22:30:00;Dallas Mavericks;90;Los Angeles Clippers;88
2016-12-23 20:00:00;Houston Rockets;109;Memphis Grizzlies;115
2016-12-23 20:00:00;Washington Wizards;96;Milwaukee Bucks;123
2016-12-23 20:00:00;Sacramento Kings;109;Minnesota Timberwolves;105
2016-12-23 20:00:00;Miami Heat;87;New Orleans Pelicans;91
2016-12-23 19:00:00;Los Angeles Lakers;90;Orlando Magic;109
2016-12-23 21:00:00;Philadelphia 76ers;116;Phoenix Suns;123
2016-12-23 22:00:00;San Antonio Spurs;110;Portland Trail Blazers;90
2016-12-23 21:00:00;Toronto Raptors;104;Utah Jazz;98
2016-12-25 14:30:00;Golden State Warriors;108;Cleveland Cavaliers;109
2016-12-25 22:30:00;Los Angeles Clippers;102;Los Angeles Lakers;111
2016-12-25 12:00:00;Boston Celtics;119;New York Knicks;114
2016-12-25 20:00:00;Minnesota Timberwolves;100;Oklahoma City Thunder;112
2016-12-25 17:00:00;Chicago Bulls;100;San Antonio Spurs;119
2016-12-26 19:30:00;Charlotte Hornets;118;Brooklyn Nets;120
2016-12-26 20:00:00;Indiana Pacers;85;Chicago Bulls;90
2016-12-26 19:30:00;Cleveland Cavaliers;90;Detroit Pistons;106
2016-12-26 20:00:00;Phoenix Suns;115;Houston Rockets;131
2016-12-26 22:30:00;Denver Nuggets;106;Los Angeles Clippers;102
2016-12-26 20:00:00;Atlanta Hawks;90;Minnesota Timberwolves;104
2016-12-26 20:00:00;Dallas Mavericks;104;New Orleans Pelicans;111
2016-12-26 19:00:00;Memphis Grizzlies;102;Orlando Magic;112
2016-12-26 22:00:00;Toronto Raptors;95;Portland Trail Blazers;91
2016-12-26 22:30:00;Philadelphia 76ers;100;Sacramento Kings;102
2016-12-26 19:00:00;Milwaukee Bucks;102;Washington Wizards;107
2016-12-27 19:30:00;Memphis Grizzlies;103;Boston Celtics;113
2016-12-27 20:30:00;Houston Rockets;123;Dallas Mavericks;107
2016-12-27 22:30:00;Utah Jazz;102;Los Angeles Lakers;100
2016-12-27 19:30:00;Oklahoma City Thunder;106;Miami Heat;94
2016-12-28 19:30:00;New York Knicks;98;Atlanta Hawks;102
2016-12-28 20:00:00;Brooklyn Nets;99;Chicago Bulls;101
2016-12-28 21:00:00;Minnesota Timberwolves;103;Denver Nuggets;105
2016-12-28 19:30:00;Milwaukee Bucks;119;Detroit Pistons;94
2016-12-28 22:30:00;Toronto Raptors;111;Golden State Warriors;121
2016-12-28 20:00:00;Los Angeles Clippers;98;New Orleans Pelicans;102
2016-12-28 19:00:00;Charlotte Hornets;120;Orlando Magic;101
2016-12-28 22:00:00;Sacramento Kings;89;Portland Trail Blazers;102
2016-12-28 20:30:00;Phoenix Suns;98;San Antonio Spurs;119
2016-12-28 19:00:00;Indiana Pacers;105;Washington Wizards;111
2016-12-29 19:00:00;Miami Heat;82;Charlotte Hornets;91
2016-12-29 20:00:00;Boston Celtics;118;Cleveland Cavaliers;124
2016-12-29 22:30:00;Dallas Mavericks;101;Los Angeles Lakers;89
2016-12-29 20:00:00;Oklahoma City Thunder;80;Memphis Grizzlies;114
2016-12-29 21:00:00;Toronto Raptors;91;Phoenix Suns;99
2016-12-29 21:00:00;Philadelphia 76ers;83;Utah Jazz;100
2016-12-30 20:00:00;Detroit Pistons;98;Atlanta Hawks;105
2016-12-30 19:30:00;Miami Heat;114;Boston Celtics;117
2016-12-30 21:00:00;Philadelphia 76ers;124;Denver Nuggets;122
2016-12-30 22:30:00;Dallas Mavericks;99;Golden State Warriors;108
2016-12-30 20:00:00;Los Angeles Clippers;116;Houston Rockets;140
2016-12-30 16:00:00;Chicago Bulls;101;Indiana Pacers;111
2016-12-30 20:00:00;Milwaukee Bucks;99;Minnesota Timberwolves;116
2016-12-30 20:00:00;New York Knicks;92;New Orleans Pelicans;104
2016-12-30 20:30:00;Portland Trail Blazers;94;San Antonio Spurs;110
2016-12-30 19:00:00;Brooklyn Nets;95;Washington Wizards;118
2016-12-31 19:00:00;Milwaukee Bucks;116;Chicago Bulls;96
2016-12-31 19:00:00;Cleveland Cavaliers;121;Charlotte Hornets;109
2016-12-31 20:00:00;New York Knicks;122;Houston Rockets;129
2016-12-31 20:00:00;Los Angeles Clippers;88;Oklahoma City Thunder;114
2016-12-31 17:00:00;Memphis Grizzlies;112;Sacramento Kings;98
2016-12-31 20:00:00;Phoenix Suns;86;Utah Jazz;91
2017-01-01 18:00:00;San Antonio Spurs;112;Atlanta Hawks;114
2017-01-01 18:00:00;Orlando Magic;104;Indiana Pacers;117
2017-01-01 21:30:00;Toronto Raptors;123;Los Angeles Lakers;114
2017-01-01 18:00:00;Detroit Pistons;107;Miami Heat;98
2017-01-01 19:00:00;Portland Trail Blazers;95;Minnesota Timberwolves;89
2017-01-02 19:30:00;Utah Jazz;101;Brooklyn Nets;89
2017-01-02 20:00:00;Charlotte Hornets;111;Chicago Bulls;118
2017-01-02 19:00:00;New Orleans Pelicans;82;Cleveland Cavaliers;90
2017-01-02 22:30:00;Denver Nuggets;119;Golden State Warriors;127
2017-01-02 20:00:00;Washington Wizards;91;Houston Rockets;101
2017-01-02 22:30:00;Phoenix Suns;98;Los Angeles Clippers;109
2017-01-02 19:00:00;Oklahoma City Thunder;94;Milwaukee Bucks;98
2017-01-02 19:30:00;Orlando Magic;115;New York Knicks;103
2017-01-03 19:30:00;Utah Jazz;104;Boston Celtics;115
2017-01-03 20:30:00;Washington Wizards;105;Dallas Mavericks;113
2017-01-03 21:00:00;Sacramento Kings;120;Denver Nuggets;113
2017-01-03 19:30:00;Indiana Pacers;121;Detroit Pistons;116
2017-01-03 22:30:00;Memphis Grizzlies;102;Los Angeles Lakers;116
2017-01-03 19:00:00;Minnesota Timberwolves;91;Philadelphia 76ers;93
2017-01-03 21:00:00;Miami Heat;90;Phoenix Suns;99
2017-01-03 20:30:00;Toronto Raptors;82;San Antonio Spurs;110
2017-01-04 19:00:00;Oklahoma City Thunder;112;Charlotte Hornets;123
2017-01-04 20:00:00;Chicago Bulls;106;Cleveland Cavaliers;94
2017-01-04 22:30:00;Portland Trail Blazers;117;Golden State Warriors;125
2017-01-04 22:30:00;Memphis Grizzlies;106;Los Angeles Clippers;115
2017-01-04 19:30:00;Milwaukee Bucks;105;New York Knicks;104
2017-01-04 19:00:00;Atlanta Hawks;111;Orlando Magic;92
2017-01-04 22:30:00;Miami Heat;107;Sacramento Kings;102
2017-01-05 20:30:00;Phoenix Suns;102;Dallas Mavericks;95
2017-01-05 21:00:00;San Antonio Spurs;127;Denver Nuggets;99
2017-01-05 19:30:00;Charlotte Hornets;114;Detroit Pistons;115
2017-01-05 20:00:00;Oklahoma City Thunder;116;Houston Rockets;118
2017-01-05 19:00:00;Brooklyn Nets;109;Indiana Pacers;121
2017-01-05 20:00:00;Atlanta Hawks;99;New Orleans Pelicans;94
2017-01-05 22:30:00;Los Angeles Lakers;109;Portland Trail Blazers;118
2017-01-05 19:30:00;Utah Jazz;93;Toronto Raptors;101
2017-01-06 19:30:00;Philadelphia 76ers;106;Boston Celtics;110
2017-01-06 19:30:00;Cleveland Cavaliers;116;Brooklyn Nets;108
2017-01-06 22:30:00;Memphis Grizzlies;128;Golden State Warriors;119
2017-01-06 22:30:00;Miami Heat;100;Los Angeles Lakers;127
2017-01-06 20:00:00;New York Knicks;116;Milwaukee Bucks;111
2017-01-06 19:00:00;Houston Rockets;100;Orlando Magic;93
2017-01-06 22:30:00;Los Angeles Clippers;106;Sacramento Kings;98
2017-01-06 19:00:00;Minnesota Timberwolves;105;Washington Wizards;112
2017-01-07 19:30:00;New Orleans Pelicans;108;Boston Celtics;117
2017-01-07 20:00:00;Toronto Raptors;118;Chicago Bulls;123
2017-01-07 20:30:00;Atlanta Hawks;97;Dallas Mavericks;82
2017-01-07 19:00:00;New York Knicks;109;Indiana Pacers;123
2017-01-07 20:00:00;Utah Jazz;94;Minnesota Timberwolves;92
2017-01-07 20:00:00;Denver Nuggets;106;Oklahoma City Thunder;121
2017-01-07 20:30:00;Charlotte Hornets;85;San Antonio Spurs;102
2017-01-08 12:00:00;Philadelphia 76ers;105;Brooklyn Nets;95
2017-01-08 15:30:00;Miami Heat;86;Los Angeles Clippers;98
2017-01-08 21:30:00;Orlando Magic;95;Los Angeles Lakers;111
2017-01-08 20:00:00;Utah Jazz;79;Memphis Grizzlies;88
2017-01-08 14:00:00;Washington Wizards;107;Milwaukee Bucks;101
2017-01-08 20:30:00;Cleveland Cavaliers;120;Phoenix Suns;116
2017-01-08 21:00:00;Detroit Pistons;125;Portland Trail Blazers;124
2017-01-08 21:00:00;Golden State Warriors;117;Sacramento Kings;106
2017-01-08 18:00:00;Houston Rockets;129;Toronto Raptors;122
2017-01-09 20:00:00;Oklahoma City Thunder;109;Chicago Bulls;94
2017-01-09 20:00:00;Dallas Mavericks;92;Minnesota Timberwolves;101
2017-01-09 19:30:00;New Orleans Pelicans;110;New York Knicks;96
2017-01-10 19:30:00;Atlanta Hawks;117;Brooklyn Nets;97
2017-01-10 22:30:00;Miami Heat;95;Golden State Warriors;107
2017-01-10 20:00:00;Charlotte Hornets;114;Houston Rockets;121
2017-01-10 22:30:00;Portland Trail Blazers;108;Los Angeles Lakers;87
2017-01-10 22:30:00;Detroit Pistons;94;Sacramento Kings;100
2017-01-10 20:30:00;Milwaukee Bucks;109;San Antonio Spurs;107
2017-01-10 19:30:00;Boston Celtics;106;Toronto Raptors;114
2017-01-10 21:00:00;Cleveland Cavaliers;92;Utah Jazz;100
2017-01-10 19:00:00;Chicago Bulls;99;Washington Wizards;101
2017-01-11 20:00:00;Washington Wizards;108;Boston Celtics;117
2017-01-11 22:30:00;Orlando Magic;96;Los Angeles Clippers;105
2017-01-11 20:00:00;Houston Rockets;105;Minnesota Timberwolves;119
2017-01-11 20:00:00;Memphis Grizzlies;95;Oklahoma City Thunder;103
2017-01-11 19:00:00;New York Knicks;97;Philadelphia 76ers;98
2017-01-11 22:30:00;Cleveland Cavaliers;86;Portland Trail Blazers;102
2017-01-12 19:30:00;New Orleans Pelicans;104;Brooklyn Nets;95
2017-01-12 15:00:00;Indiana Pacers;112;Denver Nuggets;140
2017-01-12 22:30:00;Detroit Pistons;107;Golden State Warriors;127
2017-01-12 20:00:00;Chicago Bulls;89;New York Knicks;104
2017-01-12 22:00:00;Dallas Mavericks;113;Phoenix Suns;108
2017-01-12 20:30:00;Los Angeles Lakers;94;San Antonio Spurs;134
2017-01-13 20:00:00;Boston Celtics;103;Atlanta Hawks;101
2017-01-13 20:00:00;Memphis Grizzlies;110;Houston Rockets;105
2017-01-13 20:00:00;Miami Heat;108;Milwaukee Bucks;116
2017-01-13 20:00:00;Oklahoma City Thunder;86;Minnesota Timberwolves;96
2017-01-13 19:00:00;Charlotte Hornets;93;Philadelphia 76ers;102
2017-01-13 22:00:00;Orlando Magic;115;Portland Trail Blazers;109
2017-01-13 22:30:00;Cleveland Cavaliers;120;Sacramento Kings;108
2017-01-13 19:30:00;Brooklyn Nets;113;Toronto Raptors;132
2017-01-13 22:30:00;Detroit Pistons;77;Utah Jazz;110
2017-01-14 17:00:00;New Orleans Pelicans;99;Chicago Bulls;107
2017-01-14 15:30:00;Los Angeles Lakers;97;Los Angeles Clippers;113
2017-01-14 18:00:00;San Antonio Spurs;105;Phoenix Suns;108
2017-01-14 21:00:00;Orlando Magic;107;Utah Jazz;114
2017-01-14 20:00:00;Philadelphia 76ers;93;Washington Wizards;109
2017-01-15 15:00:00;Milwaukee Bucks;98;Atlanta Hawks;111
2017-01-15 18:00:00;Houston Rockets;137;Brooklyn Nets;112
2017-01-15 14:00:00;Minnesota Timberwolves;87;Dallas Mavericks;98
2017-01-15 21:30:00;Detroit Pistons;102;Los Angeles Lakers;97
2017-01-15 21:00:00;Chicago Bulls;108;Memphis Grizzlies;104
2017-01-15 21:00:00;Oklahoma City Thunder;122;Sacramento Kings;118
2017-01-15 15:00:00;New York Knicks;101;Toronto Raptors;116
2017-01-16 19:30:00;Charlotte Hornets;98;Boston Celtics;108
2017-01-16 17:00:00;Orlando Magic;112;Denver Nuggets;125
2017-01-16 20:00:00;Cleveland Cavaliers;91;Golden State Warriors;126
2017-01-16 16:00:00;New Orleans Pelicans;95;Indiana Pacers;98
2017-01-16 22:30:00;Oklahoma City Thunder;98;Los Angeles Clippers;120
2017-01-16 15:30:00;Philadelphia 76ers;113;Milwaukee Bucks;104
2017-01-16 13:00:00;Atlanta Hawks;108;New York Knicks;107
2017-01-16 21:00:00;Utah Jazz;106;Phoenix Suns;101
2017-01-16 14:00:00;Portland Trail Blazers;101;Washington Wizards;120
2017-01-17 19:30:00;Toronto Raptors;119;Brooklyn Nets;109
2017-01-17 20:00:00;Dallas Mavericks;99;Chicago Bulls;98
2017-01-17 22:30:00;Denver Nuggets;127;Los Angeles Lakers;121
2017-01-17 19:30:00;Houston Rockets;103;Miami Heat;109
2017-01-17 20:30:00;Minnesota Timberwolves;114;San Antonio Spurs;122
2017-01-18 19:30:00;New York Knicks;117;Boston Celtics;106
2017-01-18 19:00:00;Portland Trail Blazers;85;Charlotte Hornets;107
2017-01-18 20:00:00;Atlanta Hawks;95;Detroit Pistons;118
2017-01-18 22:30:00;Oklahoma City Thunder;100;Golden State Warriors;121
2017-01-18 20:00:00;Milwaukee Bucks;92;Houston Rockets;111
2017-01-18 20:00:00;Orlando Magic;98;New Orleans Pelicans;118
2017-01-18 19:00:00;Toronto Raptors;89;Philadelphia 76ers;94
2017-01-18 22:30:00;Indiana Pacers;106;Sacramento Kings;100
2017-01-18 19:00:00;Memphis Grizzlies;101;Washington Wizards;104
2017-01-19 19:00:00;Phoenix Suns;103;Cleveland Cavaliers;118
2017-01-19 22:30:00;Minnesota Timberwolves;104;Los Angeles Clippers;101
2017-01-19 19:30:00;Dallas Mavericks;95;Miami Heat;99
2017-01-19 20:00:00;Washington Wizards;113;New York Knicks;110
2017-01-19 20:30:00;Denver Nuggets;104;San Antonio Spurs;118
2017-01-20 20:00:00;Chicago Bulls;93;Atlanta Hawks;102
2017-01-20 19:00:00;Toronto Raptors;78;Charlotte Hornets;113
2017-01-20 20:30:00;Utah Jazz;112;Dallas Mavericks;107
2017-01-20 20:00:00;Golden State Warriors;125;Houston Rockets;108
2017-01-20 22:30:00;Indiana Pacers;95;Los Angeles Lakers;108
2017-01-20 20:00:00;Sacramento Kings;91;Memphis Grizzlies;107
2017-01-20 20:00:00;Brooklyn Nets;143;New Orleans Pelicans;114
2017-01-20 19:00:00;Milwaukee Bucks;96;Orlando Magic;112
2017-01-20 19:00:00;Portland Trail Blazers;92;Philadelphia 76ers;93
2017-01-21 19:00:00;Philadelphia 76ers;93;Atlanta Hawks;110
2017-01-21 17:00:00;Portland Trail Blazers;127;Boston Celtics;123
2017-01-21 21:00:00;Sacramento Kings;99;Chicago Bulls;102
2017-01-21 19:00:00;Brooklyn Nets;105;Charlotte Hornets;112
2017-01-21 20:30:00;San Antonio Spurs;118;Cleveland Cavaliers;115
2017-01-21 21:00:00;Los Angeles Clippers;98;Denver Nuggets;123
2017-01-21 18:00:00;Washington Wizards;112;Detroit Pistons;113
2017-01-21 20:00:00;Houston Rockets;119;Memphis Grizzlies;95
2017-01-21 19:30:00;Milwaukee Bucks;97;Miami Heat;109
2017-01-21 19:30:00;Phoenix Suns;107;New York Knicks;105
2017-01-21 21:00:00;Indiana Pacers;100;Utah Jazz;109
2017-01-22 15:30:00;Los Angeles Lakers;73;Dallas Mavericks;122
2017-01-22 19:00:00;Denver Nuggets;108;Minnesota Timberwolves;111
2017-01-22 12:00:00;Golden State Warriors;118;Orlando Magic;98
2017-01-22 18:00:00;Phoenix Suns;115;Toronto Raptors;103
2017-01-23 19:30:00;Los Angeles Clippers;115;Atlanta Hawks;105
2017-01-23 19:30:00;San Antonio Spurs;112;Brooklyn Nets;86
2017-01-23 19:00:00;Washington Wizards;109;Charlotte Hornets;99
2017-01-23 19:30:00;Sacramento Kings;109;Detroit Pistons;104
2017-01-23 20:00:00;New York Knicks;109;Indiana Pacers;103
2017-01-23 19:30:00;Golden State Warriors;102;Miami Heat;105
2017-01-23 20:00:00;Houston Rockets;114;Milwaukee Bucks;127
2017-01-23 20:00:00;Cleveland Cavaliers;122;New Orleans Pelicans;124
2017-01-23 21:00:00;Oklahoma City Thunder;97;Utah Jazz;95
2017-01-24 21:00:00;Utah Jazz;93;Denver Nuggets;103
2017-01-24 19:00:00;Chicago Bulls;100;Orlando Magic;92
2017-01-24 19:00:00;Los Angeles Clippers;110;Philadelphia 76ers;121
2017-01-24 21:00:00;Minnesota Timberwolves;112;Phoenix Suns;111
2017-01-24 19:00:00;San Antonio Spurs;108;Toronto Raptors;106
2017-01-24 19:00:00;Boston Celtics;108;Washington Wizards;123
2017-01-25 19:30:00;Houston Rockets;109;Boston Celtics;120
2017-01-25 19:30:00;Miami Heat;109;Brooklyn Nets;106
2017-01-25 20:00:00;Atlanta Hawks;119;Chicago Bulls;114
2017-01-25 20:00:00;Golden State Warriors;113;Charlotte Hornets;103
2017-01-25 19:00:00;Sacramento Kings;116;Cleveland Cavaliers;112
2017-01-25 20:30:00;New York Knicks;95;Dallas Mavericks;103
2017-01-25 20:00:00;Toronto Raptors;99;Memphis Grizzlies;101
2017-01-25 20:00:00;Philadelphia 76ers;114;Milwaukee Bucks;109
2017-01-25 20:00:00;Oklahoma City Thunder;114;New Orleans Pelicans;105
2017-01-25 22:30:00;Los Angeles Lakers;98;Portland Trail Blazers;105
2017-01-26 21:00:00;Phoenix Suns;120;Denver Nuggets;127
2017-01-26 20:00:00;Indiana Pacers;109;Minnesota Timberwolves;103
2017-01-26 20:00:00;Dallas Mavericks;98;Oklahoma City Thunder;109
2017-01-26 22:30:00;Los Angeles Lakers;88;Utah Jazz;96
2017-01-27 20:00:00;Washington Wizards;112;Atlanta Hawks;86
2017-01-27 19:30:00;Orlando Magic;98;Boston Celtics;128
2017-01-27 20:00:00;Miami Heat;100;Chicago Bulls;88
2017-01-27 19:30:00;Brooklyn Nets;116;Cleveland Cavaliers;124
2017-01-27 19:00:00;Sacramento Kings;111;Indiana Pacers;115
2017-01-27 20:00:00;San Antonio Spurs;103;New Orleans Pelicans;119
2017-01-27 19:30:00;Charlotte Hornets;107;New York Knicks;110
2017-01-27 20:00:00;Houston Rockets;123;Philadelphia 76ers;118
2017-01-27 22:00:00;Memphis Grizzlies;109;Portland Trail Blazers;112
2017-01-27 19:30:00;Milwaukee Bucks;86;Toronto Raptors;102
2017-01-28 19:00:00;Sacramento Kings;109;Charlotte Hornets;106
2017-01-28 20:30:00;Los Angeles Clippers;98;Golden State Warriors;144
2017-01-28 19:30:00;Detroit Pistons;103;Miami Heat;116
2017-01-28 20:00:00;Boston Celtics;112;Milwaukee Bucks;108
2017-01-28 21:00:00;Brooklyn Nets;109;Minnesota Timberwolves;129
2017-01-28 21:00:00;Denver Nuggets;123;Phoenix Suns;112
2017-01-28 21:00:00;Memphis Grizzlies;102;Utah Jazz;95
2017-01-29 15:00:00;New York Knicks;139;Atlanta Hawks;142
2017-01-29 19:00:00;Philadelphia 76ers;108;Chicago Bulls;121
2017-01-29 15:30:00;Oklahoma City Thunder;91;Cleveland Cavaliers;107
2017-01-29 18:00:00;Houston Rockets;101;Indiana Pacers;120
2017-01-29 18:00:00;Washington Wizards;107;New Orleans Pelicans;94
2017-01-29 21:00:00;Golden State Warriors;113;Portland Trail Blazers;111
2017-01-29 19:00:00;Dallas Mavericks;105;San Antonio Spurs;101
2017-01-29 18:00:00;Orlando Magic;114;Toronto Raptors;113
2017-01-30 20:00:00;Detroit Pistons;109;Boston Celtics;113
2017-01-30 20:30:00;Cleveland Cavaliers;97;Dallas Mavericks;104
2017-01-30 19:30:00;Brooklyn Nets;96;Miami Heat;104
2017-01-30 20:00:00;Orlando Magic;105;Minnesota Timberwolves;111
2017-01-30 18:00:00;Sacramento Kings;119;Philadelphia 76ers;122
2017-01-30 22:30:00;Memphis Grizzlies;115;Phoenix Suns;96
2017-01-31 20:00:00;Sacramento Kings;83;Houston Rockets;105
2017-01-31 22:30:00;Denver Nuggets;116;Los Angeles Lakers;120
2017-01-31 22:00:00;Charlotte Hornets;98;Portland Trail Blazers;115
2017-01-31 20:30:00;Oklahoma City Thunder;94;San Antonio Spurs;108
2017-01-31 19:00:00;New Orleans Pelicans;106;Toronto Raptors;108
2017-01-31 19:00:00;New York Knicks;101;Washington Wizards;117
2017-02-01 19:30:00;Toronto Raptors;104;Boston Celtics;109
2017-02-01 19:30:00;New York Knicks;95;Brooklyn Nets;90
2017-02-01 19:00:00;Minnesota Timberwolves;97;Cleveland Cavaliers;125
2017-02-01 20:30:00;Philadelphia 76ers;95;Dallas Mavericks;113
2017-02-01 21:00:00;Memphis Grizzlies;119;Denver Nuggets;99
2017-02-01 19:30:00;New Orleans Pelicans;98;Detroit Pistons;118
2017-02-01 22:30:00;Charlotte Hornets;111;Golden State Warriors;126
2017-02-01 19:30:00;Atlanta Hawks;93;Miami Heat;116
2017-02-01 21:30:00;Chicago Bulls;128;Oklahoma City Thunder;100
2017-02-01 19:00:00;Indiana Pacers;98;Orlando Magic;88
2017-02-01 21:00:00;Los Angeles Clippers;124;Phoenix Suns;114
2017-02-01 21:00:00;Milwaukee Bucks;88;Utah Jazz;104
2017-02-02 20:00:00;Atlanta Hawks;113;Houston Rockets;108
2017-02-02 22:30:00;Golden State Warriors;133;Los Angeles Clippers;120
2017-02-02 20:30:00;Philadelphia 76ers;86;San Antonio Spurs;102
2017-02-02 19:00:00;Los Angeles Lakers;108;Washington Wizards;116
2017-02-03 20:00:00;Los Angeles Lakers;107;Boston Celtics;113
2017-02-03 19:30:00;Indiana Pacers;106;Brooklyn Nets;97
2017-02-03 21:00:00;Milwaukee Bucks;117;Denver Nuggets;121
2017-02-03 19:30:00;Minnesota Timberwolves;108;Detroit Pistons;116
2017-02-03 20:00:00;Chicago Bulls;117;Houston Rockets;121
2017-02-03 20:00:00;Memphis Grizzlies;102;Oklahoma City Thunder;114
2017-02-03 19:00:00;Toronto Raptors;94;Orlando Magic;102
2017-02-03 22:30:00;Dallas Mavericks;108;Portland Trail Blazers;104
2017-02-03 22:30:00;Phoenix Suns;105;Sacramento Kings;103
2017-02-04 19:00:00;Orlando Magic;86;Atlanta Hawks;113
2017-02-04 19:00:00;Detroit Pistons;84;Indiana Pacers;105
2017-02-04 19:30:00;Philadelphia 76ers;102;Miami Heat;125
2017-02-04 21:00:00;Memphis Grizzlies;107;Minnesota Timberwolves;99
2017-02-04 20:30:00;Cleveland Cavaliers;111;New York Knicks;104
2017-02-04 21:00:00;Milwaukee Bucks;137;Phoenix Suns;112
2017-02-04 22:30:00;Golden State Warriors;106;Sacramento Kings;109
2017-02-04 21:00:00;Denver Nuggets;97;San Antonio Spurs;121
2017-02-04 21:00:00;Charlotte Hornets;98;Utah Jazz;105
2017-02-04 19:00:00;New Orleans Pelicans;91;Washington Wizards;105
2017-02-05 14:00:00;Los Angeles Clippers;102;Boston Celtics;107
2017-02-05 12:00:00;Toronto Raptors;103;Brooklyn Nets;95
2017-02-05 15:00:00;Portland Trail Blazers;99;Oklahoma City Thunder;105
2017-02-06 19:30:00;Utah Jazz;120;Atlanta Hawks;95
2017-02-06 21:00:00;Dallas Mavericks;87;Denver Nuggets;110
2017-02-06 19:30:00;Philadelphia 76ers;96;Detroit Pistons;113
2017-02-06 19:00:00;Oklahoma City Thunder;90;Indiana Pacers;93
2017-02-06 21:30:00;San Antonio Spurs;74;Memphis Grizzlies;89
2017-02-06 20:00:00;Miami Heat;115;Minnesota Timberwolves;113
2017-02-06 20:00:00;Phoenix Suns;106;New Orleans Pelicans;111
2017-02-06 19:00:00;Los Angeles Lakers;121;New York Knicks;107
2017-02-06 22:30:00;Chicago Bulls;112;Sacramento Kings;107
2017-02-06 19:30:00;Los Angeles Clippers;109;Toronto Raptors;118
2017-02-06 19:00:00;Cleveland Cavaliers;140;Washington Wizards;135
2017-02-07 19:00:00;Brooklyn Nets;107;Charlotte Hornets;111
2017-02-07 20:30:00;Portland Trail Blazers;114;Dallas Mavericks;113
2017-02-07 20:00:00;Orlando Magic;104;Houston Rockets;128
2017-02-08 19:30:00;Denver Nuggets;106;Atlanta Hawks;117
2017-02-08 19:30:00;Washington Wizards;114;Brooklyn Nets;110
2017-02-08 19:30:00;Los Angeles Lakers;102;Detroit Pistons;121
2017-02-08 22:30:00;Chicago Bulls;92;Golden State Warriors;123
2017-02-08 19:00:00;Cleveland Cavaliers;132;Indiana Pacers;117
2017-02-08 20:00:00;Phoenix Suns;91;Memphis Grizzlies;110
2017-02-08 20:00:00;Miami Heat;106;Milwaukee Bucks;88
2017-02-08 20:00:00;Toronto Raptors;109;Minnesota Timberwolves;112
2017-02-08 20:00:00;Utah Jazz;127;New Orleans Pelicans;94
2017-02-08 20:00:00;Los Angeles Clippers;119;New York Knicks;115
2017-02-08 19:00:00;San Antonio Spurs;111;Philadelphia 76ers;103
2017-02-08 22:30:00;Boston Celtics;92;Sacramento Kings;108
2017-02-09 19:00:00;Houston Rockets;107;Charlotte Hornets;95
2017-02-09 20:30:00;Utah Jazz;105;Dallas Mavericks;112
2017-02-09 20:00:00;Cleveland Cavaliers;109;Oklahoma City Thunder;118
2017-02-09 19:00:00;Philadelphia 76ers;112;Orlando Magic;111
2017-02-09 22:30:00;Boston Celtics;120;Portland Trail Blazers;111
2017-02-10 19:30:00;Miami Heat;108;Brooklyn Nets;99
2017-02-10 19:30:00;San Antonio Spurs;103;Detroit Pistons;92
2017-02-10 20:00:00;Golden State Warriors;122;Memphis Grizzlies;107
2017-02-10 20:00:00;Los Angeles Lakers;122;Milwaukee Bucks;114
2017-02-10 20:00:00;New Orleans Pelicans;122;Minnesota Timberwolves;106
2017-02-10 19:30:00;Denver Nuggets;131;New York Knicks;123
2017-02-10 22:30:00;Chicago Bulls;97;Phoenix Suns;115
2017-02-10 22:30:00;Atlanta Hawks;107;Sacramento Kings;108
2017-02-10 20:00:00;Indiana Pacers;107;Washington Wizards;112
2017-02-11 17:00:00;Los Angeles Clippers;107;Charlotte Hornets;102
2017-02-11 19:30:00;Denver Nuggets;109;Cleveland Cavaliers;125
2017-02-11 21:00:00;Orlando Magic;80;Dallas Mavericks;112
2017-02-11 21:00:00;Phoenix Suns;102;Houston Rockets;133
2017-02-11 19:00:00;Milwaukee Bucks;116;Indiana Pacers;100
2017-02-11 20:30:00;Golden State Warriors;130;Oklahoma City Thunder;114
2017-02-11 19:30:00;Miami Heat;109;Philadelphia 76ers;117
2017-02-11 22:00:00;Boston Celtics;112;Utah Jazz;104
2017-02-12 15:30:00;Chicago Bulls;89;Minnesota Timberwolves;117
2017-02-12 15:30:00;San Antonio Spurs;90;New York Knicks;94
2017-02-12 21:00:00;New Orleans Pelicans;99;Sacramento Kings;105
2017-02-12 18:00:00;Detroit Pistons;102;Toronto Raptors;101
2017-02-13 19:30:00;Memphis Grizzlies;112;Brooklyn Nets;103
2017-02-13 19:00:00;Philadelphia 76ers;105;Charlotte Hornets;99
2017-02-13 20:30:00;Boston Celtics;111;Dallas Mavericks;98
2017-02-13 21:00:00;Golden State Warriors;110;Denver Nuggets;132
2017-02-13 19:00:00;San Antonio Spurs;110;Indiana Pacers;106
2017-02-13 19:30:00;Orlando Magic;116;Miami Heat;107
2017-02-13 20:00:00;Detroit Pistons;89;Milwaukee Bucks;102
2017-02-13 21:00:00;New Orleans Pelicans;110;Phoenix Suns;108
2017-02-13 22:30:00;Atlanta Hawks;109;Portland Trail Blazers;104
2017-02-13 21:00:00;Los Angeles Clippers;88;Utah Jazz;72
2017-02-13 20:00:00;Oklahoma City Thunder;98;Washington Wizards;120
2017-02-14 20:00:00;Toronto Raptors;94;Chicago Bulls;105
2017-02-14 22:30:00;Sacramento Kings;97;Los Angeles Lakers;96
2017-02-14 20:00:00;Cleveland Cavaliers;116;Minnesota Timberwolves;108
2017-02-15 19:30:00;Philadelphia 76ers;108;Boston Celtics;116
2017-02-15 19:30:00;Milwaukee Bucks;129;Brooklyn Nets;125
2017-02-15 19:00:00;Indiana Pacers;104;Cleveland Cavaliers;113
2017-02-15 21:00:00;Minnesota Timberwolves;112;Denver Nuggets;99
2017-02-15 19:30:00;Dallas Mavericks;91;Detroit Pistons;98
2017-02-15 22:30:00;Sacramento Kings;86;Golden State Warriors;109
2017-02-15 20:00:00;Miami Heat;117;Houston Rockets;109
2017-02-15 22:30:00;Atlanta Hawks;84;Los Angeles Clippers;99
2017-02-15 20:00:00;New Orleans Pelicans;95;Memphis Grizzlies;91
2017-02-15 21:30:00;New York Knicks;105;Oklahoma City Thunder;116
2017-02-15 19:00:00;San Antonio Spurs;107;Orlando Magic;79
2017-02-15 21:00:00;Los Angeles Lakers;101;Phoenix Suns;137
2017-02-15 19:30:00;Charlotte Hornets;85;Toronto Raptors;90
2017-02-15 21:00:00;Portland Trail Blazers;88;Utah Jazz;111
2017-02-16 20:00:00;Boston Celtics;103;Chicago Bulls;104
2017-02-16 19:00:00;Washington Wizards;111;Indiana Pacers;98
2017-02-23 20:00:00;New York Knicks;104;Cleveland Cavaliers;119
2017-02-23 19:30:00;Charlotte Hornets;108;Detroit Pistons;114
2017-02-23 22:30:00;Los Angeles Clippers;113;Golden State Warriors;123
2017-02-23 20:00:00;Houston Rockets;129;New Orleans Pelicans;99
2017-02-23 19:00:00;Portland Trail Blazers;112;Orlando Magic;103
2017-02-23 22:30:00;Denver Nuggets;100;Sacramento Kings;116
2017-02-24 20:00:00;Miami Heat;108;Atlanta Hawks;90
2017-02-24 20:00:00;Phoenix Suns;121;Chicago Bulls;128
2017-02-24 21:00:00;Brooklyn Nets;109;Denver Nuggets;129
2017-02-24 19:00:00;Memphis Grizzlies;92;Indiana Pacers;102
2017-02-24 22:30:00;San Antonio Spurs;105;Los Angeles Clippers;97
2017-02-24 20:00:00;Utah Jazz;109;Milwaukee Bucks;95
2017-02-24 20:00:00;Dallas Mavericks;84;Minnesota Timberwolves;97
2017-02-24 20:00:00;Los Angeles Lakers;93;Oklahoma City Thunder;110
2017-02-24 19:00:00;Washington Wizards;112;Philadelphia 76ers;120
2017-02-24 20:00:00;Boston Celtics;97;Toronto Raptors;107
2017-02-25 20:30:00;Chicago Bulls;117;Cleveland Cavaliers;99
2017-02-25 20:30:00;New Orleans Pelicans;83;Dallas Mavericks;96
2017-02-25 22:30:00;Brooklyn Nets;95;Golden State Warriors;112
2017-02-25 21:00:00;Minnesota Timberwolves;130;Houston Rockets;142
2017-02-25 20:00:00;Indiana Pacers;95;Miami Heat;113
2017-02-25 19:30:00;Philadelphia 76ers;109;New York Knicks;110
2017-02-25 19:00:00;Atlanta Hawks;86;Orlando Magic;105
2017-02-25 17:00:00;Charlotte Hornets;99;Sacramento Kings;85
2017-02-26 17:00:00;Memphis Grizzlies;105;Denver Nuggets;98
2017-02-26 18:00:00;Boston Celtics;104;Detroit Pistons;98
2017-02-26 21:30:00;Charlotte Hornets;121;Los Angeles Clippers;124
2017-02-26 15:30:00;San Antonio Spurs;119;Los Angeles Lakers;98
2017-02-26 15:30:00;Phoenix Suns;96;Milwaukee Bucks;100
2017-02-26 19:00:00;New Orleans Pelicans;110;Oklahoma City Thunder;118
2017-02-26 18:00:00;Portland Trail Blazers;106;Toronto Raptors;112
2017-02-26 17:00:00;Utah Jazz;102;Washington Wizards;92
2017-02-27 19:30:00;Atlanta Hawks;114;Boston Celtics;98
2017-02-27 19:00:00;Milwaukee Bucks;95;Cleveland Cavaliers;102
2017-02-27 20:30:00;Miami Heat;89;Dallas Mavericks;96
2017-02-27 21:30:00;Indiana Pacers;117;Houston Rockets;108
2017-02-27 19:00:00;Toronto Raptors;92;New York Knicks;91
2017-02-27 19:00:00;Golden State Warriors;119;Philadelphia 76ers;108
2017-02-27 22:30:00;Minnesota Timberwolves;102;Sacramento Kings;88
2017-02-28 20:00:00;Denver Nuggets;125;Chicago Bulls;107
2017-02-28 19:30:00;Portland Trail Blazers;113;Detroit Pistons;120
2017-02-28 22:30:00;Charlotte Hornets;109;Los Angeles Lakers;104
2017-02-28 20:00:00;Phoenix Suns;112;Memphis Grizzlies;130
2017-02-28 20:00:00;Utah Jazz;106;Oklahoma City Thunder;109
2017-02-28 19:00:00;Golden State Warriors;108;Washington Wizards;112
2017-03-01 19:30:00;Dallas Mavericks;95;Atlanta Hawks;100
2017-03-01 20:00:00;Cleveland Cavaliers;99;Boston Celtics;103
2017-03-01 22:30:00;Houston Rockets;122;Los Angeles Clippers;103
2017-03-01 19:30:00;Philadelphia 76ers;98;Miami Heat;125
2017-03-01 20:00:00;Denver Nuggets;110;Milwaukee Bucks;98
2017-03-01 20:00:00;Detroit Pistons;86;New Orleans Pelicans;109
2017-03-01 19:00:00;New York Knicks;101;Orlando Magic;90
2017-03-01 22:30:00;Brooklyn Nets;109;Sacramento Kings;100
2017-03-01 20:30:00;Indiana Pacers;99;San Antonio Spurs;100
2017-03-01 19:30:00;Washington Wizards;105;Toronto Raptors;96
2017-03-01 21:00:00;Minnesota Timberwolves;107;Utah Jazz;80
2017-03-02 20:00:00;Golden State Warriors;87;Chicago Bulls;94
2017-03-02 21:00:00;Charlotte Hornets;103;Phoenix Suns;120
2017-03-02 22:30:00;Oklahoma City Thunder;109;Portland Trail Blazers;114
2017-03-03 19:00:00;Cleveland Cavaliers;135;Atlanta Hawks;130
2017-03-03 20:30:00;Memphis Grizzlies;100;Dallas Mavericks;104
2017-03-03 22:30:00;Boston Celtics;115;Los Angeles Lakers;95
2017-03-03 20:00:00;Los Angeles Clippers;101;Milwaukee Bucks;112
2017-03-03 21:30:00;San Antonio Spurs;101;New Orleans Pelicans;98
2017-03-03 19:00:00;Miami Heat;99;Orlando Magic;110
2017-03-03 19:00:00;New York Knicks;102;Philadelphia 76ers;105
2017-03-03 21:00:00;Oklahoma City Thunder;111;Phoenix Suns;118
2017-03-03 21:00:00;Brooklyn Nets;97;Utah Jazz;112
2017-03-03 19:00:00;Toronto Raptors;114;Washington Wizards;106
2017-03-04 20:30:00;Los Angeles Clippers;101;Chicago Bulls;91
2017-03-04 21:00:00;Charlotte Hornets;112;Denver Nuggets;102
2017-03-04 21:00:00;Memphis Grizzlies;108;Houston Rockets;123
2017-03-04 20:00:00;Cleveland Cavaliers;92;Miami Heat;120
2017-03-04 20:00:00;Toronto Raptors;94;Milwaukee Bucks;101
2017-03-04 18:00:00;Detroit Pistons;136;Philadelphia 76ers;106
2017-03-04 22:00:00;Brooklyn Nets;116;Portland Trail Blazers;130
2017-03-04 21:00:00;Minnesota Timberwolves;90;San Antonio Spurs;97
2017-03-05 13:00:00;Indiana Pacers;97;Atlanta Hawks;96
2017-03-05 20:30:00;Oklahoma City Thunder;89;Dallas Mavericks;104
2017-03-05 21:30:00;New Orleans Pelicans;105;Los Angeles Lakers;97
2017-03-05 15:30:00;Golden State Warriors;112;New York Knicks;105
2017-03-05 17:00:00;Boston Celtics;106;Phoenix Suns;109
2017-03-05 18:00:00;Utah Jazz;110;Sacramento Kings;109
2017-03-05 17:00:00;Orlando Magic;114;Washington Wizards;115
2017-03-06 19:30:00;Golden State Warriors;119;Atlanta Hawks;111
2017-03-06 20:00:00;Indiana Pacers;88;Charlotte Hornets;100
2017-03-06 19:00:00;Miami Heat;106;Cleveland Cavaliers;98
2017-03-06 21:00:00;Sacramento Kings;96;Denver Nuggets;108
2017-03-06 19:30:00;Chicago Bulls;95;Detroit Pistons;109
2017-03-06 22:30:00;Boston Celtics;102;Los Angeles Clippers;116
2017-03-06 20:00:00;Brooklyn Nets;122;Memphis Grizzlies;109
2017-03-06 19:00:00;New York Knicks;113;Orlando Magic;105
2017-03-06 19:00:00;Milwaukee Bucks;112;Philadelphia 76ers;98
2017-03-06 20:30:00;Houston Rockets;110;San Antonio Spurs;112
2017-03-06 21:00:00;New Orleans Pelicans;83;Utah Jazz;88
2017-03-07 20:30:00;Los Angeles Lakers;111;Dallas Mavericks;122
2017-03-07 20:00:00;Portland Trail Blazers;126;Oklahoma City Thunder;121
2017-03-07 21:00:00;Washington Wizards;131;Phoenix Suns;127
2017-03-08 19:30:00;Brooklyn Nets;105;Atlanta Hawks;110
2017-03-08 21:00:00;Washington Wizards;123;Denver Nuggets;113
2017-03-08 22:30:00;Boston Celtics;99;Golden State Warriors;86
2017-03-08 20:00:00;Utah Jazz;115;Houston Rockets;108
2017-03-08 20:00:00;Detroit Pistons;98;Indiana Pacers;115
2017-03-08 19:30:00;Charlotte Hornets;101;Miami Heat;108
2017-03-08 20:00:00;New York Knicks;93;Milwaukee Bucks;104
2017-03-08 20:00:00;Los Angeles Clippers;91;Minnesota Timberwolves;107
2017-03-08 20:00:00;Toronto Raptors;94;New Orleans Pelicans;87
2017-03-08 19:00:00;Chicago Bulls;91;Orlando Magic;98
2017-03-08 20:30:00;Sacramento Kings;104;San Antonio Spurs;114
2017-03-09 19:30:00;Cleveland Cavaliers;101;Detroit Pistons;106
2017-03-09 20:00:00;Los Angeles Clippers;114;Memphis Grizzlies;98
2017-03-09 20:00:00;San Antonio Spurs;92;Oklahoma City Thunder;102
2017-03-09 22:30:00;Los Angeles Lakers;122;Phoenix Suns;110
2017-03-09 22:00:00;Philadelphia 76ers;108;Portland Trail Blazers;114
2017-03-10 20:00:00;Toronto Raptors;99;Atlanta Hawks;105
2017-03-10 20:00:00;Houston Rockets;115;Chicago Bulls;94
2017-03-10 19:00:00;Orlando Magic;81;Charlotte Hornets;121
2017-03-10 21:00:00;Brooklyn Nets;96;Dallas Mavericks;105
2017-03-10 21:00:00;Boston Celtics;99;Denver Nuggets;119
2017-03-10 20:00:00;Indiana Pacers;85;Milwaukee Bucks;99
2017-03-10 20:00:00;Golden State Warriors;102;Minnesota Timberwolves;103
2017-03-10 22:30:00;Washington Wizards;130;Sacramento Kings;122
2017-03-11 19:00:00;New Orleans Pelicans;125;Charlotte Hornets;122
2017-03-11 21:00:00;Phoenix Suns;100;Dallas Mavericks;98
2017-03-11 17:00:00;New York Knicks;92;Detroit Pistons;112
2017-03-11 15:30:00;Philadelphia 76ers;100;Los Angeles Clippers;112
2017-03-11 21:00:00;Atlanta Hawks;107;Memphis Grizzlies;90
2017-03-11 20:00:00;Toronto Raptors;89;Miami Heat;104
2017-03-11 20:00:00;Minnesota Timberwolves;95;Milwaukee Bucks;102
2017-03-11 15:00:00;Utah Jazz;104;Oklahoma City Thunder;112
2017-03-11 19:00:00;Cleveland Cavaliers;116;Orlando Magic;104
2017-03-11 22:00:00;Washington Wizards;125;Portland Trail Blazers;124
2017-03-11 22:30:00;Denver Nuggets;105;Sacramento Kings;92
2017-03-11 20:30:00;Golden State Warriors;85;San Antonio Spurs;107
2017-03-12 15:30:00;Chicago Bulls;80;Boston Celtics;100
2017-03-12 18:00:00;New York Knicks;112;Brooklyn Nets;120
2017-03-12 21:00:00;Cleveland Cavaliers;112;Houston Rockets;117
2017-03-12 18:00:00;Miami Heat;98;Indiana Pacers;102
2017-03-12 21:30:00;Philadelphia 76ers;118;Los Angeles Lakers;116
2017-03-12 21:00:00;Portland Trail Blazers;110;Phoenix Suns;101
2017-03-13 19:00:00;Chicago Bulls;115;Charlotte Hornets;109
2017-03-13 22:30:00;Los Angeles Lakers;101;Denver Nuggets;129
2017-03-13 20:00:00;Milwaukee Bucks;93;Memphis Grizzlies;113
2017-03-13 20:00:00;Washington Wizards;104;Minnesota Timberwolves;119
2017-03-13 22:30:00;Orlando Magic;115;Sacramento Kings;120
2017-03-13 20:00:00;Atlanta Hawks;99;San Antonio Spurs;107
2017-03-13 19:30:00;Dallas Mavericks;78;Toronto Raptors;100
2017-03-13 21:00:00;Los Angeles Clippers;108;Utah Jazz;114
2017-03-14 19:30:00;Oklahoma City Thunder;122;Brooklyn Nets;104
2017-03-14 19:00:00;Detroit Pistons;96;Cleveland Cavaliers;128
2017-03-14 22:30:00;Philadelphia 76ers;104;Golden State Warriors;106
2017-03-14 20:00:00;Portland Trail Blazers;77;New Orleans Pelicans;100
2017-03-14 19:30:00;Indiana Pacers;81;New York Knicks;87
2017-03-15 19:30:00;Minnesota Timberwolves;104;Boston Celtics;117
2017-03-15 20:00:00;Memphis Grizzlies;98;Chicago Bulls;91
2017-03-15 19:30:00;Utah Jazz;97;Detroit Pistons;83
2017-03-15 20:00:00;Los Angeles Lakers;100;Houston Rockets;139
2017-03-15 19:00:00;Charlotte Hornets;77;Indiana Pacers;98
2017-03-15 22:30:00;Milwaukee Bucks;97;Los Angeles Clippers;96
2017-03-15 19:30:00;New Orleans Pelicans;112;Miami Heat;120
2017-03-15 22:00:00;Sacramento Kings;107;Phoenix Suns;101
2017-03-15 20:00:00;Portland Trail Blazers;110;San Antonio Spurs;106
2017-03-15 19:00:00;Dallas Mavericks;112;Washington Wizards;107
2017-03-16 19:30:00;Memphis Grizzlies;103;Atlanta Hawks;91
2017-03-16 19:00:00;Utah Jazz;83;Cleveland Cavaliers;91
2017-03-16 21:00:00;Los Angeles Clippers;114;Denver Nuggets;129
2017-03-16 22:30:00;Orlando Magic;92;Golden State Warriors;122
2017-03-16 19:30:00;Brooklyn Nets;121;New York Knicks;110
2017-03-16 19:00:00;Oklahoma City Thunder;123;Toronto Raptors;102
2017-03-17 19:30:00;Boston Celtics;98;Brooklyn Nets;95
2017-03-17 19:30:00;Toronto Raptors;87;Detroit Pistons;75
2017-03-17 22:30:00;Milwaukee Bucks;107;Los Angeles Lakers;103
2017-03-17 20:00:00;Minnesota Timberwolves;105;Miami Heat;123
2017-03-17 20:00:00;Houston Rockets;112;New Orleans Pelicans;128
2017-03-17 19:00:00;Dallas Mavericks;74;Philadelphia 76ers;116
2017-03-17 22:00:00;Orlando Magic;109;Phoenix Suns;103
2017-03-17 19:00:00;Chicago Bulls;107;Washington Wizards;112
2017-03-18 18:00:00;Portland Trail Blazers;113;Atlanta Hawks;97
2017-03-18 21:00:00;Utah Jazz;86;Chicago Bulls;95
2017-03-18 19:00:00;Washington Wizards;93;Charlotte Hornets;98
2017-03-18 21:30:00;Houston Rockets;109;Denver Nuggets;105
2017-03-18 22:30:00;Milwaukee Bucks;92;Golden State Warriors;117
2017-03-18 20:30:00;Cleveland Cavaliers;78;Los Angeles Clippers;108
2017-03-18 21:00:00;San Antonio Spurs;96;Memphis Grizzlies;104
2017-03-18 15:00:00;Sacramento Kings;94;Oklahoma City Thunder;110
2017-03-19 12:00:00;Dallas Mavericks;111;Brooklyn Nets;104
2017-03-19 16:30:00;Phoenix Suns;95;Detroit Pistons;112
2017-03-19 21:30:00;Cleveland Cavaliers;125;Los Angeles Lakers;120
2017-03-19 18:00:00;Portland Trail Blazers;115;Miami Heat;104
2017-03-19 18:00:00;Minnesota Timberwolves;109;New Orleans Pelicans;123
2017-03-19 13:00:00;Boston Celtics;99;Philadelphia 76ers;105
2017-03-19 19:00:00;Sacramento Kings;102;San Antonio Spurs;118
2017-03-19 18:00:00;Indiana Pacers;91;Toronto Raptors;116
2017-03-20 19:30:00;Washington Wizards;102;Boston Celtics;110
2017-03-20 19:00:00;Atlanta Hawks;90;Charlotte Hornets;105
2017-03-20 20:00:00;Denver Nuggets;124;Houston Rockets;125
2017-03-20 19:00:00;Utah Jazz;100;Indiana Pacers;107
2017-03-20 22:30:00;New York Knicks;105;Los Angeles Clippers;114
2017-03-20 20:00:00;Golden State Warriors;111;Oklahoma City Thunder;95
2017-03-20 19:00:00;Philadelphia 76ers;109;Orlando Magic;112
2017-03-21 19:30:00;Detroit Pistons;96;Brooklyn Nets;98
2017-03-21 20:30:00;Golden State Warriors;112;Dallas Mavericks;87
2017-03-21 22:30:00;Los Angeles Clippers;133;Los Angeles Lakers;109
2017-03-21 19:30:00;Phoenix Suns;97;Miami Heat;112
2017-03-21 21:30:00;San Antonio Spurs;100;Minnesota Timberwolves;93
2017-03-21 20:00:00;Memphis Grizzlies;82;New Orleans Pelicans;95
2017-03-21 22:00:00;Milwaukee Bucks;93;Portland Trail Blazers;90
2017-03-21 19:00:00;Chicago Bulls;120;Toronto Raptors;122
2017-03-22 19:30:00;Indiana Pacers;100;Boston Celtics;109
2017-03-22 20:00:00;Detroit Pistons;95;Chicago Bulls;117
2017-03-22 21:00:00;Cleveland Cavaliers;113;Denver Nuggets;126
2017-03-22 20:00:00;Philadelphia 76ers;97;Oklahoma City Thunder;122
2017-03-22 19:00:00;Charlotte Hornets;109;Orlando Magic;102
2017-03-22 22:30:00;Milwaukee Bucks;116;Sacramento Kings;98
2017-03-22 22:30:00;New York Knicks;101;Utah Jazz;108
2017-03-22 20:00:00;Atlanta Hawks;100;Washington Wizards;104
2017-03-23 19:30:00;Phoenix Suns;98;Brooklyn Nets;126
2017-03-23 20:30:00;Los Angeles Clippers;95;Dallas Mavericks;97
2017-03-23 19:30:00;Toronto Raptors;101;Miami Heat;84
2017-03-23 22:00:00;New York Knicks;95;Portland Trail Blazers;110
2017-03-23 20:30:00;Memphis Grizzlies;90;San Antonio Spurs;97
2017-03-24 19:30:00;Phoenix Suns;120;Boston Celtics;130
2017-03-24 20:00:00;Philadelphia 76ers;117;Chicago Bulls;107
2017-03-24 19:00:00;Cleveland Cavaliers;112;Charlotte Hornets;105
2017-03-24 22:30:00;Sacramento Kings;100;Golden State Warriors;114
2017-03-24 20:00:00;New Orleans Pelicans;107;Houston Rockets;117
2017-03-24 19:00:00;Denver Nuggets;125;Indiana Pacers;117
2017-03-24 22:30:00;Minnesota Timberwolves;119;Los Angeles Lakers;130
2017-03-24 20:00:00;Atlanta Hawks;97;Milwaukee Bucks;100
2017-03-24 19:00:00;Detroit Pistons;87;Orlando Magic;115
2017-03-24 19:00:00;Brooklyn Nets;108;Washington Wizards;129
2017-03-25 19:30:00;Washington Wizards;127;Cleveland Cavaliers;115
2017-03-25 20:30:00;Toronto Raptors;94;Dallas Mavericks;86
2017-03-25 15:30:00;Utah Jazz;95;Los Angeles Clippers;108
2017-03-25 22:00:00;Minnesota Timberwolves;100;Portland Trail Blazers;112
2017-03-25 20:30:00;New York Knicks;98;San Antonio Spurs;106
2017-03-26 13:00:00;Brooklyn Nets;107;Atlanta Hawks;92
2017-03-26 18:00:00;Miami Heat;108;Boston Celtics;112
2017-03-26 13:00:00;Phoenix Suns;106;Charlotte Hornets;120
2017-03-26 20:00:00;New Orleans Pelicans;115;Denver Nuggets;90
2017-03-26 20:00:00;Memphis Grizzlies;94;Golden State Warriors;106
2017-03-26 15:30:00;Oklahoma City Thunder;125;Houston Rockets;137
2017-03-26 18:00:00;Philadelphia 76ers;94;Indiana Pacers;107
2017-03-26 15:30:00;Sacramento Kings;98;Los Angeles Clippers;97
2017-03-26 21:30:00;Portland Trail Blazers;97;Los Angeles Lakers;81
2017-03-26 15:30:00;Chicago Bulls;109;Milwaukee Bucks;94
2017-03-27 20:30:00;Oklahoma City Thunder;92;Dallas Mavericks;91
2017-03-27 19:30:00;Detroit Pistons;95;New York Knicks;109
2017-03-27 22:30:00;Memphis Grizzlies;90;Sacramento Kings;91
2017-03-27 20:00:00;Cleveland Cavaliers;74;San Antonio Spurs;103
2017-03-27 19:30:00;Orlando Magic;112;Toronto Raptors;131
2017-03-27 22:30:00;New Orleans Pelicans;100;Utah Jazz;108
2017-03-28 19:30:00;Phoenix Suns;91;Atlanta Hawks;95
2017-03-28 19:30:00;Philadelphia 76ers;106;Brooklyn Nets;101
2017-03-28 19:00:00;Milwaukee Bucks;118;Charlotte Hornets;108
2017-03-28 19:30:00;Miami Heat;97;Detroit Pistons;96
2017-03-28 20:00:00;Golden State Warriors;113;Houston Rockets;106
2017-03-28 19:00:00;Minnesota Timberwolves;115;Indiana Pacers;114
2017-03-28 22:30:00;Washington Wizards;119;Los Angeles Lakers;108
2017-03-28 22:00:00;Denver Nuggets;113;Portland Trail Blazers;122
2017-03-29 19:30:00;Milwaukee Bucks;103;Boston Celtics;100
2017-03-29 22:30:00;Washington Wizards;124;Los Angeles Clippers;133
2017-03-29 20:00:00;Indiana Pacers;97;Memphis Grizzlies;110
2017-03-29 20:00:00;Dallas Mavericks;118;New Orleans Pelicans;121
2017-03-29 19:30:00;Miami Heat;105;New York Knicks;88
2017-03-29 19:00:00;Oklahoma City Thunder;114;Orlando Magic;106
2017-03-29 19:00:00;Atlanta Hawks;99;Philadelphia 76ers;92
2017-03-29 22:30:00;Utah Jazz;112;Sacramento Kings;82
2017-03-29 21:30:00;Golden State Warriors;110;San Antonio Spurs;98
2017-03-29 19:30:00;Charlotte Hornets;110;Toronto Raptors;106
2017-03-30 20:00:00;Cleveland Cavaliers;93;Chicago Bulls;99
2017-03-30 19:30:00;Brooklyn Nets;89;Detroit Pistons;90
2017-03-30 20:00:00;Los Angeles Lakers;104;Minnesota Timberwolves;119
2017-03-30 22:00:00;Los Angeles Clippers;124;Phoenix Suns;118
2017-03-30 22:30:00;Houston Rockets;107;Portland Trail Blazers;117
2017-03-31 19:30:00;Orlando Magic;116;Boston Celtics;117
2017-03-31 19:00:00;Denver Nuggets;114;Charlotte Hornets;122
2017-03-31 19:30:00;Philadelphia 76ers;105;Cleveland Cavaliers;122
2017-03-31 22:30:00;Houston Rockets;98;Golden State Warriors;107
2017-03-31 20:00:00;Dallas Mavericks;90;Memphis Grizzlies;99
2017-03-31 20:00:00;New York Knicks;98;Miami Heat;94
2017-03-31 20:00:00;Detroit Pistons;105;Milwaukee Bucks;108
2017-03-31 20:00:00;Sacramento Kings;89;New Orleans Pelicans;117
2017-03-31 20:00:00;San Antonio Spurs;100;Oklahoma City Thunder;95
2017-03-31 19:00:00;Indiana Pacers;100;Toronto Raptors;111
2017-03-31 21:00:00;Washington Wizards;88;Utah Jazz;95
2017-04-01 18:00:00;Orlando Magic;111;Brooklyn Nets;121
2017-04-01 17:00:00;Atlanta Hawks;104;Chicago Bulls;106
2017-04-01 15:30:00;Los Angeles Lakers;104;Los Angeles Clippers;115
2017-04-01 20:00:00;Sacramento Kings;123;Minnesota Timberwolves;117
2017-04-01 22:00:00;Phoenix Suns;117;Portland Trail Blazers;130
2017-04-02 18:00:00;Atlanta Hawks;82;Brooklyn Nets;91
2017-04-02 18:00:00;Indiana Pacers;130;Cleveland Cavaliers;135
2017-04-02 20:00:00;Washington Wizards;115;Golden State Warriors;139
2017-04-02 15:30:00;Memphis Grizzlies;103;Los Angeles Lakers;108
2017-04-02 18:00:00;Denver Nuggets;116;Miami Heat;113
2017-04-02 15:30:00;Dallas Mavericks;109;Milwaukee Bucks;105
2017-04-02 18:00:00;Chicago Bulls;117;New Orleans Pelicans;110
2017-04-02 13:00:00;Boston Celtics;110;New York Knicks;94
2017-04-02 15:00:00;Charlotte Hornets;113;Oklahoma City Thunder;101
2017-04-02 21:00:00;Houston Rockets;123;Phoenix Suns;116
2017-04-02 15:30:00;Utah Jazz;103;San Antonio Spurs;109
2017-04-02 18:00:00;Philadelphia 76ers;105;Toronto Raptors;113
2017-04-03 19:00:00;Portland Trail Blazers;109;Minnesota Timberwolves;110
2017-04-04 19:00:00;Orlando Magic;102;Cleveland Cavaliers;122
2017-04-04 22:30:00;Minnesota Timberwolves;107;Golden State Warriors;121
2017-04-04 19:00:00;Toronto Raptors;90;Indiana Pacers;108
2017-04-04 20:00:00;Denver Nuggets;134;New Orleans Pelicans;131
2017-04-04 20:00:00;Chicago Bulls;91;New York Knicks;100
2017-04-04 20:00:00;Milwaukee Bucks;79;Oklahoma City Thunder;110
2017-04-04 19:00:00;Brooklyn Nets;141;Philadelphia 76ers;118
2017-04-04 22:30:00;Dallas Mavericks;87;Sacramento Kings;98
2017-04-04 20:30:00;Memphis Grizzlies;89;San Antonio Spurs;95
2017-04-04 21:00:00;Portland Trail Blazers;87;Utah Jazz;106
2017-04-04 19:00:00;Charlotte Hornets;111;Washington Wizards;118
2017-04-05 20:00:00;Cleveland Cavaliers;114;Boston Celtics;91
2017-04-05 19:00:00;Miami Heat;112;Charlotte Hornets;99
2017-04-05 19:30:00;Toronto Raptors;105;Detroit Pistons;102
2017-04-05 20:00:00;Denver Nuggets;104;Houston Rockets;110
2017-04-05 22:30:00;Dallas Mavericks;101;Los Angeles Clippers;112
2017-04-05 20:00:00;Oklahoma City Thunder;103;Memphis Grizzlies;100
2017-04-05 22:00:00;Golden State Warriors;120;Phoenix Suns;111
2017-04-05 20:30:00;Los Angeles Lakers;102;San Antonio Spurs;95
2017-04-06 20:00:00;Boston Celtics;116;Atlanta Hawks;123
2017-04-06 19:00:00;Milwaukee Bucks;89;Indiana Pacers;104
2017-04-06 19:30:00;Washington Wizards;106;New York Knicks;103
2017-04-06 19:00:00;Brooklyn Nets;107;Orlando Magic;115
2017-04-06 19:00:00;Chicago Bulls;102;Philadelphia 76ers;90
2017-04-06 22:30:00;Minnesota Timberwolves;98;Portland Trail Blazers;105
2017-04-07 19:30:00;Atlanta Hawks;114;Cleveland Cavaliers;100
2017-04-07 20:30:00;San Antonio Spurs;102;Dallas Mavericks;89
2017-04-07 21:00:00;New Orleans Pelicans;106;Denver Nuggets;122
2017-04-07 20:00:00;Detroit Pistons;114;Houston Rockets;109
2017-04-07 22:30:00;Sacramento Kings;94;Los Angeles Lakers;98
2017-04-07 20:00:00;New York Knicks;88;Memphis Grizzlies;101
2017-04-07 22:00:00;Oklahoma City Thunder;99;Phoenix Suns;120
2017-04-07 19:30:00;Miami Heat;94;Toronto Raptors;96
2017-04-07 21:00:00;Minnesota Timberwolves;113;Utah Jazz;120
2017-04-08 17:00:00;Chicago Bulls;106;Brooklyn Nets;107
2017-04-08 18:00:00;Boston Celtics;121;Charlotte Hornets;114
2017-04-08 22:30:00;New Orleans Pelicans;101;Golden State Warriors;123
2017-04-08 18:00:00;Indiana Pacers;127;Orlando Magic;112
2017-04-08 19:00:00;Milwaukee Bucks;90;Philadelphia 76ers;82
2017-04-08 22:00:00;Utah Jazz;86;Portland Trail Blazers;101
2017-04-08 20:30:00;Los Angeles Clippers;98;San Antonio Spurs;87
2017-04-08 19:00:00;Miami Heat;106;Washington Wizards;103
2017-04-09 15:30:00;Cleveland Cavaliers;125;Atlanta Hawks;126
2017-04-09 17:00:00;Oklahoma City Thunder;106;Denver Nuggets;105
2017-04-09 21:30:00;Minnesota Timberwolves;109;Los Angeles Lakers;110
2017-04-09 18:00:00;Detroit Pistons;103;Memphis Grizzlies;90
2017-04-09 12:00:00;Toronto Raptors;110;New York Knicks;97
2017-04-09 18:00:00;Dallas Mavericks;111;Phoenix Suns;124
2017-04-09 18:00:00;Houston Rockets;135;Sacramento Kings;128
2017-04-10 19:30:00;Brooklyn Nets;105;Boston Celtics;114
2017-04-10 20:00:00;Orlando Magic;75;Chicago Bulls;122
2017-04-10 20:00:00;Washington Wizards;105;Detroit Pistons;101
2017-04-10 22:30:00;Utah Jazz;105;Golden State Warriors;99
2017-04-10 22:30:00;Houston Rockets;96;Los Angeles Clippers;125
2017-04-10 19:30:00;Cleveland Cavaliers;121;Miami Heat;124
2017-04-10 20:00:00;Charlotte Hornets;79;Milwaukee Bucks;89
2017-04-10 19:00:00;Indiana Pacers;120;Philadelphia 76ers;111
2017-04-10 22:00:00;San Antonio Spurs;98;Portland Trail Blazers;99
2017-04-11 19:30:00;Charlotte Hornets;76;Atlanta Hawks;103
2017-04-11 20:30:00;Denver Nuggets;109;Dallas Mavericks;91
2017-04-11 22:30:00;New Orleans Pelicans;96;Los Angeles Lakers;108
2017-04-11 20:00:00;Oklahoma City Thunder;100;Minnesota Timberwolves;98
2017-04-11 22:30:00;Phoenix Suns;104;Sacramento Kings;129
2017-04-12 20:00:00;Milwaukee Bucks;94;Boston Celtics;112
2017-04-12 20:00:00;Brooklyn Nets;73;Chicago Bulls;112
2017-04-12 20:00:00;Toronto Raptors;98;Cleveland Cavaliers;83
2017-04-12 22:30:00;Los Angeles Lakers;94;Golden State Warriors;109
2017-04-12 20:00:00;Minnesota Timberwolves;118;Houston Rockets;123
2017-04-12 20:00:00;Atlanta Hawks;86;Indiana Pacers;104
2017-04-12 22:30:00;Sacramento Kings;95;Los Angeles Clippers;115
2017-04-12 20:00:00;Dallas Mavericks;100;Memphis Grizzlies;93
2017-04-12 20:00:00;Washington Wizards;102;Miami Heat;110
2017-04-12 20:00:00;Philadelphia 76ers;113;New York Knicks;114
2017-04-12 20:00:00;Denver Nuggets;111;Oklahoma City Thunder;105
2017-04-12 20:00:00;Detroit Pistons;109;Orlando Magic;113
2017-04-12 22:30:00;New Orleans Pelicans;103;Portland Trail Blazers;100
2017-04-12 21:00:00;San Antonio Spurs;97;Utah Jazz;101
